date,track,venue,state
2021-08-01,Donald,Donald,VIC
2021-08-01,Sandown-Lakeside,Sandown,VIC
2021-08-01,Sunshine Coast,Sunshine Coast,QLD
2021-08-02,Echuca,Echuca,VIC
2021-08-02,Warwick,Warwick,QLD
2021-08-03,Pakenham Synthetic,Pakenham,VIC
2021-08-04,Eagle Farm,Eagle Farm,QLD
2021-08-04,Moe,Moe,VIC
2021-08-05,Coleraine,Coleraine,VIC
2021-08-06,Ballarat Synthetic,Ballarat,VIC
2021-08-06,Port Augusta,Port Augusta,SA
2021-08-06,Townsville,Townsville,QLD
2021-08-07,Bairnsdale,Bairnsdale,VIC
2021-08-07,Doomben,Doomben,QLD
2021-08-07,Gold Coast,Gold Coast,QLD
2021-08-07,Murray Bridge GH,Murray Bridge GH,SA
2021-08-07,Richmond,Richmond,QLD
2021-08-07,Townsville,Townsville,QLD
2021-08-08,Bendigo,Bendigo,VIC
2021-08-08,Sunshine Coast,Sunshine Coast,QLD
2021-08-09,Mildura,Mildura,VIC
2021-08-10,Ballarat Synthetic,Ballarat,VIC
2021-08-11,Balaklava,Balaklava,SA
2021-08-11,Doomben,Doomben,QLD
2021-08-11,Sandown-Hillside,Sandown,VIC
2021-08-12,Mt Isa,Mt Isa,QLD
2021-08-12,Sale,Sale,VIC
2021-08-13,Geelong,Geelong,VIC
2021-08-13,Ipswich,Ipswich,QLD
2021-08-14,Eagle Farm,Eagle Farm,QLD
2021-08-14,Gold Coast,Gold Coast,QLD
2021-08-14,Morphettville,Morphettville,SA
2021-08-14,Toowoomba,Toowoomba,QLD
2021-08-14,Wodonga,Wodonga,VIC
2021-08-15,Cranbourne,Cranbourne,VIC
2021-08-17,Pakenham Synthetic,Pakenham,VIC
2021-08-18,Doomben,Doomben,QLD
2021-08-18,Gawler,Gawler,SA
2021-08-18,Sandown-Hillside,Sandown,VIC
2021-08-19,Rockhampton,Rockhampton,QLD
2021-08-19,Warrnambool,Warrnambool,VIC
2021-08-20,Bendigo,Bendigo,VIC
2021-08-21,Cairns,Cairns,QLD
2021-08-21,Gympie,Gympie,QLD
2021-08-21,Moonee Valley,Moonee Valley,VIC
2021-08-21,Morphettville,Morphettville,SA
2021-08-21,Toowoomba,Toowoomba,QLD
2021-08-22,Naracoorte,Naracoorte,SA
2021-08-22,Sale,Sale,VIC
2021-08-22,Sunshine Coast,Sunshine Coast,QLD
2021-08-23,Pakenham Synthetic,Pakenham,VIC
2021-08-25,Ipswich,Ipswich,QLD
2021-08-25,Murray Bridge GH,Murray Bridge GH,SA
2021-08-25,Sandown-Lakeside,Sandown,VIC
2021-08-26,Echuca,Echuca,VIC
2021-08-26,Mackay,Mackay,QLD
2021-08-27,Gold Coast,Gold Coast,QLD
2021-08-27,Pakenham Synthetic,Pakenham,VIC
2021-08-28,Cairns,Cairns,QLD
2021-08-28,Caulfield,Caulfield,VIC
2021-08-28,Doomben,Doomben,QLD
2021-08-28,Morphettville Parks,Morphettville,SA
2021-08-28,Toowoomba,Toowoomba,QLD
2021-08-29,Port Augusta,Port Augusta,SA
2021-08-29,Sunshine Coast,Sunshine Coast,QLD
2021-08-30,Benalla,Benalla,VIC
2021-09-01,Doomben,Doomben,QLD
2021-09-01,Gawler,Gawler,SA
2021-09-01,Sandown-Lakeside,Sandown,VIC
2021-09-02,Cranbourne,Cranbourne,VIC
2021-09-03,Bendigo,Bendigo,VIC
2021-09-04,Bundaberg,Bundaberg,QLD
2021-09-04,Gold Coast,Gold Coast,QLD
2021-09-04,Mildura,Mildura,VIC
2021-09-04,Moonee Valley,Moonee Valley,VIC
2021-09-04,Morphettville Parks,Morphettville,SA
2021-09-04,Toowoomba,Toowoomba,QLD
2021-09-05,Casterton,Casterton,VIC
2021-09-05,Geelong,Geelong,VIC
2021-09-05,Murray Bridge GH,Murray Bridge GH,SA
2021-09-06,Emerald,Emerald,QLD
2021-09-06,Wangaratta,Wangaratta,VIC
2021-09-07,Pakenham Synthetic,Pakenham,VIC
2021-09-08,Eagle Farm,Eagle Farm,QLD
2021-09-08,Penola,Penola,SA
2021-09-08,Sandown-Hillside,Sandown,VIC
2021-09-09,Mornington,Mornington,VIC
2021-09-09,Townsville,Townsville,QLD
2021-09-10,Cairns,Cairns,QLD
2021-09-10,Swan Hill,Swan Hill,VIC
2021-09-11,Doomben,Doomben,QLD
2021-09-11,Echuca,Echuca,VIC
2021-09-11,Flemington,Flemington,VIC
2021-09-11,Gold Coast,Gold Coast,QLD
2021-09-11,Goondiwindi,Goondiwindi,QLD
2021-09-11,Morphettville,Morphettville,SA
2021-09-11,Thangool,Thangool,QLD
2021-09-11,Toowoomba,Toowoomba,QLD
2021-09-12,Cranbourne,Cranbourne,VIC
2021-09-12,Donald,Donald,VIC
2021-09-12,Sunshine Coast,Sunshine Coast,QLD
2021-09-13,Moe,Moe,VIC
2021-09-14,Wangaratta,Wangaratta,VIC
2021-09-15,Balaklava,Balaklava,SA
2021-09-15,Ipswich,Ipswich,QLD
2021-09-16,Sale,Sale,VIC
2021-09-17,Eagle Farm,Eagle Farm,QLD
2021-09-17,Geelong,Geelong,VIC
2021-09-18,Caulfield,Caulfield,VIC
2021-09-18,Dalby,Dalby,QLD
2021-09-18,Gold Coast,Gold Coast,QLD
2021-09-18,Gympie,Gympie,QLD
2021-09-18,Morphettville,Morphettville,SA
2021-09-18,Tatura,Tatura,VIC
2021-09-19,Ballarat,Ballarat,VIC
2021-09-19,Halidon,Halidon,SA
2021-09-19,Sunshine Coast,Sunshine Coast,QLD
2021-09-20,Horsham,Horsham,VIC
2021-09-21,Kyneton,Kyneton,VIC
2021-09-22,Doomben,Doomben,QLD
2021-09-22,Flemington,Flemington,VIC
2021-09-23,Cranbourne,Cranbourne,VIC
2021-09-23,Ipswich,Ipswich,QLD
2021-09-24,Coleraine,Coleraine,VIC
2021-09-24,Moonee Valley,Moonee Valley,VIC
2021-09-24,Sunshine Coast,Sunshine Coast,QLD
2021-09-25,Gold Coast,Gold Coast,QLD
2021-09-25,Morphettville Parks,Morphettville,SA
2021-09-25,Toowoomba,Toowoomba,QLD
2021-09-25,Twin Hills,Twin Hills,QLD
2021-09-26,Benalla,Benalla,VIC
2021-09-26,Doomben,Doomben,QLD
2021-09-26,Naracoorte,Naracoorte,SA
2021-09-27,Swan Hill,Swan Hill,VIC
2021-09-28,Kilmore,Kilmore,VIC
2021-09-29,Balaklava,Balaklava,SA
2021-09-29,Geelong,Geelong,VIC
2021-09-29,Ipswich,Ipswich,QLD
2021-09-30,Moe,Moe,VIC
2021-10-01,Echuca,Echuca,VIC
2021-10-01,Moonee Valley,Moonee Valley,VIC
2021-10-01,Townsville,Townsville,QLD
2021-10-02,Doomben,Doomben,QLD
2021-10-02,Eidsvold,Eidsvold,QLD
2021-10-02,Flemington,Flemington,VIC
2021-10-02,Gold Coast,Gold Coast,QLD
2021-10-02,Gordonvale,Gordonvale,QLD
2021-10-02,Jamestown,Jamestown,SA
2021-10-02,Mackay,Mackay,QLD
2021-10-02,Morphettville Parks,Morphettville,SA
2021-10-02,Toowoomba,Toowoomba,QLD
2021-10-03,Bairnsdale,Bairnsdale,VIC
2021-10-03,Bendigo,Bendigo,VIC
2021-10-03,Sunshine Coast,Sunshine Coast,QLD
2021-10-04,Gawler,Gawler,SA
2021-10-05,Mildura,Mildura,VIC
2021-10-05,Rockhampton,Rockhampton,QLD
2021-10-06,Doomben,Doomben,QLD
2021-10-06,Sale,Sale,VIC
2021-10-07,Ipswich,Ipswich,QLD
2021-10-07,Mornington,Mornington,VIC
2021-10-08,Benalla,Benalla,VIC
2021-10-08,Cranbourne,Cranbourne,VIC
2021-10-08,Sunshine Coast,Sunshine Coast,QLD
2021-10-09,Caulfield,Caulfield,VIC
2021-10-09,Eagle Farm,Eagle Farm,QLD
2021-10-09,Gold Coast,Gold Coast,QLD
2021-10-09,Hamilton,Hamilton,VIC
2021-10-09,Morphettville,Morphettville,SA
2021-10-09,Warwick,Warwick,QLD
2021-10-10,Ballarat,Ballarat,VIC
2021-10-10,Donald,Donald,VIC
2021-10-10,Penola,Penola,SA
2021-10-10,Sunshine Coast,Sunshine Coast,QLD
2021-10-11,Echuca,Echuca,VIC
2021-10-12,Kyneton,Kyneton,VIC
2021-10-13,Caulfield,Caulfield,VIC
2021-10-13,Doomben,Doomben,QLD
2021-10-13,Port Lincoln,Port Lincoln,SA
2021-10-14,Townsville,Townsville,QLD
2021-10-14,Warrnambool,Warrnambool,VIC
2021-10-15,Ipswich,Ipswich,QLD
2021-10-15,Murray Bridge GH,Murray Bridge GH,SA
2021-10-15,Pakenham,Pakenham,VIC
2021-10-16,Avoca,Avoca,VIC
2021-10-16,Bendigo,Bendigo,VIC
2021-10-16,Caulfield,Caulfield,VIC
2021-10-16,Gold Coast,Gold Coast,QLD
2021-10-16,Morphettville,Morphettville,SA
2021-10-16,Wondai,Wondai,QLD
2021-10-17,Horsham,Horsham,VIC
2021-10-17,Sunshine Coast,Sunshine Coast,QLD
2021-10-17,Wodonga,Wodonga,VIC
2021-10-18,Mornington,Mornington,VIC
2021-10-19,Hamilton,Hamilton,VIC
2021-10-20,Geelong,Geelong,VIC
2021-10-20,Ipswich,Ipswich,QLD
2021-10-20,Naracoorte,Naracoorte,SA
2021-10-21,Ballarat,Ballarat,VIC
2021-10-22,Echuca,Echuca,VIC
2021-10-22,Gawler,Gawler,SA
2021-10-22,Mackay,Mackay,QLD
2021-10-22,Moonee Valley,Moonee Valley,VIC
2021-10-22,Sunshine Coast,Sunshine Coast,QLD
2021-10-23,Clifton,Clifton,QLD
2021-10-23,Doomben,Doomben,QLD
2021-10-23,Gold Coast,Gold Coast,QLD
2021-10-23,Gympie,Gympie,QLD
2021-10-23,Moonee Valley,Moonee Valley,VIC
2021-10-23,Morphettville Parks,Morphettville,SA
2021-10-23,Toowoomba,Toowoomba,QLD
2021-10-23,Townsville,Townsville,QLD
2021-10-23,Yarra Glen,Yarra Glen,VIC
2021-10-24,Port Lincoln,Port Lincoln,SA
2021-10-24,Sale,Sale,VIC
2021-10-24,St Arnaud,St Arnaud,VIC
2021-10-24,Sunshine Coast,Sunshine Coast,QLD
2021-10-25,Benalla,Benalla,VIC
2021-10-26,Swan Hill,Swan Hill,VIC
2021-10-27,Bendigo,Bendigo,VIC
2021-10-27,Ipswich,Ipswich,QLD
2021-10-27,Murray Bridge GH,Murray Bridge GH,SA
2021-10-28,Warrnambool,Warrnambool,VIC
2021-10-29,Bordertown,Bordertown,SA
2021-10-29,Cranbourne,Cranbourne,VIC
2021-10-29,Kilcoy,Kilcoy,QLD
2021-10-29,Kilmore,Kilmore,VIC
2021-10-30,Beaudesert,Beaudesert,QLD
2021-10-30,Dalby,Dalby,QLD
2021-10-30,Eagle Farm,Eagle Farm,QLD
2021-10-30,Flemington,Flemington,VIC
2021-10-30,Gold Coast,Gold Coast,QLD
2021-10-30,Morphettville,Morphettville,SA
2021-10-30,Traralgon,Traralgon,VIC
2021-10-30,Wycheproof,Wycheproof,VIC
2021-10-31,Cairns,Cairns,QLD
2021-10-31,Mornington,Mornington,VIC
2021-10-31,Mortlake,Mortlake,VIC
2021-11-01,Bairnsdale,Bairnsdale,VIC
2021-11-01,Ballarat,Ballarat,VIC
2021-11-02,Bundaberg,Bundaberg,QLD
2021-11-02,Eagle Farm,Eagle Farm,QLD
2021-11-02,Echuca,Echuca,VIC
2021-11-02,Flemington,Flemington,VIC
2021-11-02,Gold Coast,Gold Coast,QLD
2021-11-02,Morphettville,Morphettville,SA
2021-11-03,Kyneton,Kyneton,VIC
2021-11-03,Port Lincoln,Port Lincoln,SA
2021-11-04,Flemington,Flemington,VIC
2021-11-04,Gawler,Gawler,SA
2021-11-04,Ipswich,Ipswich,QLD
2021-11-04,Wangaratta,Wangaratta,VIC
2021-11-05,Pakenham,Pakenham,VIC
2021-11-05,Sunshine Coast,Sunshine Coast,QLD
2021-11-05,Warrnambool,Warrnambool,VIC
2021-11-06,Balnarring,Balnarring,VIC
2021-11-06,Eagle Farm,Eagle Farm,QLD
2021-11-06,Flemington,Flemington,VIC
2021-11-06,Geelong,Geelong,VIC
2021-11-06,Gold Coast,Gold Coast,QLD
2021-11-06,Moranbah,Moranbah,QLD
2021-11-06,Morphettville Parks,Morphettville,SA
2021-11-07,Ararat,Ararat,VIC
2021-11-07,Benalla,Benalla,VIC
2021-11-07,Penola,Penola,SA
2021-11-07,Sunshine Coast,Sunshine Coast,QLD
2021-11-08,Moe,Moe,VIC
2021-11-09,Hamilton,Hamilton,VIC
2021-11-09,Townsville,Townsville,QLD
2021-11-10,Bendigo,Bendigo,VIC
2021-11-10,Ipswich,Ipswich,QLD
2021-11-10,Murray Bridge GH,Murray Bridge GH,SA
2021-11-11,Mackay,Mackay,QLD
2021-11-12,Kyneton,Kyneton,VIC
2021-11-12,Moonee Valley,Moonee Valley,VIC
2021-11-12,Port Lincoln,Port Lincoln,SA
2021-11-12,Sunshine Coast,Sunshine Coast,QLD
2021-11-13,Cranbourne,Cranbourne,VIC
2021-11-13,Doomben,Doomben,QLD
2021-11-13,Dunkeld,Dunkeld,VIC
2021-11-13,Gold Coast,Gold Coast,QLD
2021-11-13,Morphettville Parks,Morphettville,SA
2021-11-13,Toowoomba,Toowoomba,QLD
2021-11-14,Cairns,Cairns,QLD
2021-11-14,Donald,Donald,VIC
2021-11-14,Geelong,Geelong,VIC
2021-11-14,Mt Perry,Mt Perry,QLD
2021-11-16,Wangaratta,Wangaratta,VIC
2021-11-17,Doomben,Doomben,QLD
2021-11-17,Sandown-Lakeside,Sandown,VIC
2021-11-17,Strathalbyn,Strathalbyn,SA
2021-11-18,Mornington,Mornington,VIC
2021-11-19,Ipswich,Ipswich,QLD
2021-11-19,Moonee Valley,Moonee Valley,VIC
2021-11-19,Naracoorte,Naracoorte,SA
2021-11-20,Ballarat,Ballarat,VIC
2021-11-20,Gold Coast,Gold Coast,QLD
2021-11-20,Gympie,Gympie,QLD
2021-11-20,Morphettville Parks,Morphettville,SA
2021-11-20,Penshurst,Penshurst,VIC
2021-11-20,Roma,Roma,QLD
2021-11-20,Sunshine Coast,Sunshine Coast,QLD
2021-11-20,Tatura,Tatura,VIC
2021-11-20,Toowoomba,Toowoomba,QLD
2021-11-21,Clare,Clare,SA
2021-11-21,Kilmore,Kilmore,VIC
2021-11-21,Townsville,Townsville,QLD
2021-11-22,Hamilton,Hamilton,VIC
2021-11-23,Cairns,Cairns,QLD
2021-11-23,Geelong,Geelong,VIC
2021-11-24,Balaklava,Balaklava,SA
2021-11-24,Sandown-Lakeside,Sandown,VIC
2021-11-25,Bendigo,Bendigo,VIC
2021-11-25,Pakenham,Pakenham,VIC
2021-11-26,Moonee Valley,Moonee Valley,VIC
2021-11-26,Port Lincoln,Port Lincoln,SA
2021-11-26,Sunshine Coast Poly,Sunshine Coast,QLD
2021-11-26,Wodonga,Wodonga,VIC
2021-11-27,Barcaldine,Barcaldine,QLD
2021-11-27,Caulfield,Caulfield,VIC
2021-11-27,Ipswich,Ipswich,QLD
2021-11-27,Kilcoy,Kilcoy,QLD
2021-11-27,Morphettville,Morphettville,SA
2021-11-27,Toowoomba,Toowoomba,QLD
2021-11-27,Woolamai,Woolamai,VIC
2021-11-27,Yarra Glen,Yarra Glen,VIC
2021-11-28,Strathalbyn,Strathalbyn,SA
2021-11-28,Sunshine Coast,Sunshine Coast,QLD
2021-11-28,Traralgon,Traralgon,VIC
2021-11-28,Warrnambool,Warrnambool,VIC
2021-11-29,Kyneton,Kyneton,VIC
2021-11-30,Ararat,Ararat,VIC
2021-12-01,Gawler,Gawler,SA
2021-12-01,Geelong,Geelong,VIC
2021-12-01,Sunshine Coast Poly,Sunshine Coast,QLD
2021-12-02,Townsville,Townsville,QLD
2021-12-02,Wangaratta,Wangaratta,VIC
2021-12-03,Ipswich,Ipswich,QLD
2021-12-03,Moonee Valley,Moonee Valley,VIC
2021-12-03,Mornington,Mornington,VIC
2021-12-03,Penola,Penola,SA
2021-12-03,Sunshine Coast,Sunshine Coast,QLD
2021-12-04,Bowen,Bowen,QLD
2021-12-04,Doomben,Doomben,QLD
2021-12-04,Morphettville Parks,Morphettville,SA
2021-12-04,Pakenham,Pakenham,VIC
2021-12-04,Stawell,Stawell,VIC
2021-12-04,Toowoomba,Toowoomba,QLD
2021-12-05,Bairnsdale,Bairnsdale,VIC
2021-12-05,Murray Bridge GH,Murray Bridge GH,SA
2021-12-05,Sunshine Coast,Sunshine Coast,QLD
2021-12-05,Werribee,Werribee,VIC
2021-12-07,Cairns,Cairns,QLD
2021-12-07,Hamilton,Hamilton,VIC
2021-12-08,Balaklava,Balaklava,SA
2021-12-08,Sandown-Hillside,Sandown,VIC
2021-12-09,Mackay,Mackay,QLD
2021-12-09,Warrnambool,Warrnambool,VIC
2021-12-10,Cranbourne,Cranbourne,VIC
2021-12-10,Doomben,Doomben,QLD
2021-12-10,Geelong,Geelong,VIC
2021-12-10,Moonee Valley,Moonee Valley,VIC
2021-12-11,Bundaberg,Bundaberg,QLD
2021-12-11,Eagle Farm,Eagle Farm,QLD
2021-12-11,Flemington,Flemington,VIC
2021-12-11,Gold Coast,Gold Coast,QLD
2021-12-11,Healesville,Healesville,VIC
2021-12-11,Morphettville,Morphettville,SA
2021-12-11,Toowoomba,Toowoomba,QLD
2021-12-11,Townsville,Townsville,QLD
2021-12-12,Bendigo,Bendigo,VIC
2021-12-12,Bordertown,Bordertown,SA
2021-12-13,Rockhampton,Rockhampton,QLD
2021-12-14,Kilcoy,Kilcoy,QLD
2021-12-14,Mornington,Mornington,VIC
2021-12-15,Ipswich,Ipswich,QLD
2021-12-15,Sandown-Hillside,Sandown,VIC
2021-12-16,Dalby,Dalby,QLD
2021-12-16,Kyneton,Kyneton,VIC
2021-12-17,Moe,Moe,VIC
2021-12-17,Moonee Valley,Moonee Valley,VIC
2021-12-17,Morphettville,Morphettville,SA
2021-12-17,Sunshine Coast,Sunshine Coast,QLD
2021-12-17,Yarra Glen,Yarra Glen,VIC
2021-12-18,Benalla,Benalla,VIC
2021-12-18,Colac,Colac,VIC
2021-12-18,Eagle Farm,Eagle Farm,QLD
2021-12-18,Flemington,Flemington,VIC
2021-12-18,Gawler,Gawler,SA
2021-12-18,Gold Coast,Gold Coast,QLD
2021-12-18,Mackay,Mackay,QLD
2021-12-18,Toowoomba,Toowoomba,QLD
2021-12-19,Horsham,Horsham,VIC
2021-12-19,Sale,Sale,VIC
2021-12-19,Sunshine Coast,Sunshine Coast,QLD
2021-12-20,Terang,Terang,VIC
2021-12-21,Geelong,Geelong,VIC
2021-12-21,Townsville,Townsville,QLD
2021-12-22,Oakbank,Oakbank,SA
2021-12-22,Sandown-Hillside,Sandown,VIC
2021-12-23,Toowoomba,Toowoomba,QLD
2021-12-23,Wangaratta,Wangaratta,VIC
2021-12-24,Ipswich,Ipswich,QLD
2021-12-26,Caulfield,Caulfield,VIC
2021-12-26,Doomben,Doomben,QLD
2021-12-26,Geelong,Geelong,VIC
2021-12-26,Gold Coast,Gold Coast,QLD
2021-12-26,Kerang,Kerang,VIC
2021-12-26,Morphettville,Morphettville,SA
2021-12-26,Nhill,Nhill,VIC
2021-12-27,Naracoorte,Naracoorte,SA
2021-12-27,Stony Creek,Stony Creek,VIC
2021-12-27,Sunshine Coast,Sunshine Coast,QLD
2021-12-28,Townsville,Townsville,QLD
2021-12-28,Warwick,Warwick,QLD
2021-12-28,Yarra Glen,Yarra Glen,VIC
2021-12-29,Ipswich,Ipswich,QLD
2021-12-29,Strathalbyn,Strathalbyn,SA
2021-12-30,Werribee,Werribee,VIC
2021-12-31,Echuca,Echuca,VIC
2021-12-31,Ipswich,Ipswich,QLD
2021-12-31,Moonee Valley,Moonee Valley,VIC
2021-12-31,Port Lincoln,Port Lincoln,SA
2021-12-31,Warrnambool,Warrnambool,VIC
2022-01-01,Burrumbeet,Burrumbeet,VIC
2022-01-01,Doomben,Doomben,QLD
2022-01-01,Flemington,Flemington,VIC
2022-01-01,Hanging Rock,Hanging Rock,VIC
2022-01-01,Mornington,Mornington,VIC
2022-01-01,Murray Bridge GH,Murray Bridge GH,SA
2022-01-01,Taroom,Taroom,QLD
2022-01-01,Toowoomba,Toowoomba,QLD
2022-01-02,Cranbourne,Cranbourne,VIC
2022-01-02,Sunshine Coast,Sunshine Coast,QLD
2022-01-02,Terang,Terang,VIC
2022-01-03,Sandown-Hillside,Sandown,VIC
2022-01-04,Stony Creek,Stony Creek,VIC
2022-01-05,Bordertown,Bordertown,SA
2022-01-05,Doomben,Doomben,QLD
2022-01-05,Sandown-Hillside,Sandown,VIC
2022-01-06,Cairns,Cairns,QLD
2022-01-06,Geelong,Geelong,VIC
2022-01-07,Cranbourne,Cranbourne,VIC
2022-01-07,Stawell,Stawell,VIC
2022-01-07,Sunshine Coast,Sunshine Coast,QLD
2022-01-07,Sunshine Coast Poly,Sunshine Coast,QLD
2022-01-08,Caulfield,Caulfield,VIC
2022-01-08,Gawler,Gawler,SA
2022-01-08,Gold Coast,Gold Coast,QLD
2022-01-08,Ipswich,Ipswich,QLD
2022-01-08,Townsville,Townsville,QLD
2022-01-09,Mornington,Mornington,VIC
2022-01-09,Port Lincoln,Port Lincoln,SA
2022-01-09,Sunshine Coast,Sunshine Coast,QLD
2022-01-09,Warrnambool,Warrnambool,VIC
2022-01-11,Kilmore,Kilmore,VIC
2022-01-12,Caulfield,Caulfield,VIC
2022-01-12,Doomben,Doomben,QLD
2022-01-12,Oakbank,Oakbank,SA
2022-01-13,Ararat,Ararat,VIC
2022-01-13,Kilcoy,Kilcoy,QLD
2022-01-13,Pakenham,Pakenham,VIC
2022-01-13,Penola,Penola,SA
2022-01-14,Cranbourne,Cranbourne,VIC
2022-01-14,Geelong,Geelong,VIC
2022-01-14,Townsville,Townsville,QLD
2022-01-15,Doomben,Doomben,QLD
2022-01-15,Flemington,Flemington,VIC
2022-01-15,Gold Coast,Gold Coast,QLD
2022-01-15,Murray Bridge GH,Murray Bridge GH,SA
2022-01-15,Thangool,Thangool,QLD
2022-01-15,Warwick,Warwick,QLD
2022-01-16,Benalla,Benalla,VIC
2022-01-16,Strathalbyn,Strathalbyn,SA
2022-01-16,Sunshine Coast,Sunshine Coast,QLD
2022-01-16,Yarra Glen,Yarra Glen,VIC
2022-01-18,Moe,Moe,VIC
2022-01-19,Ipswich,Ipswich,QLD
2022-01-19,Oakbank,Oakbank,SA
2022-01-19,Sandown-Lakeside,Sandown,VIC
2022-01-20,Pakenham,Pakenham,VIC
2022-01-20,Warrnambool,Warrnambool,VIC
2022-01-21,Dalby,Dalby,QLD
2022-01-21,Flemington,Flemington,VIC
2022-01-21,Port Lincoln,Port Lincoln,SA
2022-01-21,Sunshine Coast,Sunshine Coast,QLD
2022-01-21,Sunshine Coast Poly,Sunshine Coast,QLD
2022-01-22,Gawler,Gawler,SA
2022-01-22,Moonee Valley,Moonee Valley,VIC
2022-01-22,Townsville,Townsville,QLD
2022-01-22,Yarra Glen,Yarra Glen,VIC
2022-01-22,Yea,Yea,VIC
2022-01-23,Geelong,Geelong,VIC
2022-01-23,Penola,Penola,SA
2022-01-23,Sunshine Coast,Sunshine Coast,QLD
2022-01-26,Caulfield,Caulfield,VIC
2022-01-26,Hanging Rock,Hanging Rock,VIC
2022-01-26,Ipswich,Ipswich,QLD
2022-01-26,Murray Bridge GH,Murray Bridge GH,SA
2022-01-27,Pakenham,Pakenham,VIC
2022-01-28,Hamilton,Hamilton,VIC
2022-01-29,Bundaberg,Bundaberg,QLD
2022-01-29,Ipswich,Ipswich,QLD
2022-01-29,Moonee Valley,Moonee Valley,VIC
2022-01-29,Mornington,Mornington,VIC
2022-01-29,Morphettville,Morphettville,SA
2022-01-29,Sunshine Coast,Sunshine Coast,QLD
2022-01-29,Toowoomba,Toowoomba,QLD
2022-01-30,Donald,Donald,VIC
2022-01-30,Strathalbyn,Strathalbyn,SA
2022-01-31,Sale,Sale,VIC
2022-02-01,Bowen,Bowen,QLD
2022-02-01,Stony Creek,Stony Creek,VIC
2022-02-02,Murray Bridge GH,Murray Bridge GH,SA
2022-02-02,Sandown-Lakeside,Sandown,VIC
2022-02-03,Pakenham,Pakenham,VIC
2022-02-03,Warrnambool,Warrnambool,VIC
2022-02-04,Cairns,Cairns,QLD
2022-02-04,Moonee Valley,Moonee Valley,VIC
2022-02-04,Port Lincoln,Port Lincoln,SA
2022-02-04,Sunshine Coast,Sunshine Coast,QLD
2022-02-04,Sunshine Coast Poly,Sunshine Coast,QLD
2022-02-04,Werribee,Werribee,VIC
2022-02-05,Caulfield,Caulfield,VIC
2022-02-05,Dalby,Dalby,QLD
2022-02-05,Doomben,Doomben,QLD
2022-02-05,Gold Coast,Gold Coast,QLD
2022-02-05,Kyneton,Kyneton,VIC
2022-02-05,Morphettville Parks,Morphettville,SA
2022-02-05,Toowoomba,Toowoomba,QLD
2022-02-06,Ararat,Ararat,VIC
2022-02-06,Bendigo,Bendigo,VIC
2022-02-06,Naracoorte,Naracoorte,SA
2022-02-06,Sunshine Coast,Sunshine Coast,QLD
2022-02-07,Benalla,Benalla,VIC
2022-02-07,Warwick,Warwick,QLD
2022-02-08,Ballarat,Ballarat,VIC
2022-02-09,Gawler,Gawler,SA
2022-02-09,Sandown-Hillside,Sandown,VIC
2022-02-10,Gatton,Gatton,QLD
2022-02-10,Kilmore,Kilmore,VIC
2022-02-10,Pakenham,Pakenham,VIC
2022-02-11,Colac,Colac,VIC
2022-02-11,Moonee Valley,Moonee Valley,VIC
2022-02-11,Rockhampton,Rockhampton,QLD
2022-02-12,Buchan,Buchan,VIC
2022-02-12,Caulfield,Caulfield,VIC
2022-02-12,Doomben,Doomben,QLD
2022-02-12,Gold Coast,Gold Coast,QLD
2022-02-12,Morphettville,Morphettville,SA
2022-02-12,Townsville,Townsville,QLD
2022-02-12,Yarra Glen,Yarra Glen,VIC
2022-02-13,Balaklava,Balaklava,SA
2022-02-13,Sale,Sale,VIC
2022-02-13,Sunshine Coast,Sunshine Coast,QLD
2022-02-13,Werribee,Werribee,VIC
2022-02-14,Stony Creek,Stony Creek,VIC
2022-02-15,Mackay,Mackay,QLD
2022-02-15,Swan Hill,Swan Hill,VIC
2022-02-16,Doomben,Doomben,QLD
2022-02-16,Sandown-Hillside,Sandown,VIC
2022-02-16,Strathalbyn,Strathalbyn,SA
2022-02-17,Ipswich,Ipswich,QLD
2022-02-17,Kingscote,Kingscote,SA
2022-02-17,Pakenham,Pakenham,VIC
2022-02-17,Warrnambool,Warrnambool,VIC
2022-02-18,Cairns,Cairns,QLD
2022-02-18,Moonee Valley,Moonee Valley,VIC
2022-02-18,Sunshine Coast,Sunshine Coast,QLD
2022-02-18,Sunshine Coast Poly,Sunshine Coast,QLD
2022-02-19,Bendigo,Bendigo,VIC
2022-02-19,Flemington,Flemington,VIC
2022-02-19,Gold Coast,Gold Coast,QLD
2022-02-19,Kingscote,Kingscote,SA
2022-02-19,Morphettville Parks,Morphettville,SA
2022-02-19,Sunshine Coast,Sunshine Coast,QLD
2022-02-19,Toowoomba,Toowoomba,QLD
2022-02-20,Ballarat,Ballarat,VIC
2022-02-20,Ipswich,Ipswich,QLD
2022-02-20,Moe,Moe,VIC
2022-02-20,Port Lincoln,Port Lincoln,SA
2022-02-21,Terang,Terang,VIC
2022-02-22,Stawell,Stawell,VIC
2022-02-22,Townsville,Townsville,QLD
2022-02-23,Mt Gambier,Mt Gambier,SA
2022-02-23,Sandown-Hillside,Sandown,VIC
2022-02-24,Kilmore,Kilmore,VIC
2022-02-24,Pakenham,Pakenham,VIC
2022-02-25,Moonee Valley,Moonee Valley,VIC
2022-02-25,Rockhampton,Rockhampton,QLD
2022-02-25,Sale,Sale,VIC
2022-02-26,Caulfield,Caulfield,VIC
2022-02-26,Mackay,Mackay,QLD
2022-02-26,Morphettville,Morphettville,SA
2022-02-26,Yarra Glen,Yarra Glen,VIC
2022-02-27,Ballarat,Ballarat,VIC
2022-02-27,Lock,Lock,SA
2022-02-28,Hamilton,Hamilton,VIC
2022-02-28,Thangool,Thangool,QLD
2022-03-01,Bendigo,Bendigo,VIC
2022-03-01,Sunshine Coast Poly,Sunshine Coast,QLD
2022-03-02,Balaklava,Balaklava,SA
2022-03-02,Sandown-Hillside,Sandown,VIC
2022-03-02,Sunshine Coast Poly,Sunshine Coast,QLD
2022-03-03,Kyneton,Kyneton,VIC
2022-03-03,Pakenham,Pakenham,VIC
2022-03-04,Ararat,Ararat,VIC
2022-03-04,Moonee Valley,Moonee Valley,VIC
2022-03-04,Port Lincoln,Port Lincoln,SA
2022-03-04,Rockhampton,Rockhampton,QLD
2022-03-04,Sunshine Coast Poly,Sunshine Coast,QLD
2022-03-05,Flemington,Flemington,VIC
2022-03-05,Murray Bridge GH,Murray Bridge GH,SA
2022-03-05,St George,St George,QLD
2022-03-05,Sunshine Coast Poly,Sunshine Coast,QLD
2022-03-05,Toowoomba,Toowoomba,QLD
2022-03-06,Bordertown,Bordertown,SA
2022-03-06,Colac,Colac,VIC
2022-03-06,Sale,Sale,VIC
2022-03-06,Sunshine Coast,Sunshine Coast,QLD
2022-03-08,Ballarat,Ballarat,VIC
2022-03-09,Ipswich,Ipswich,QLD
2022-03-09,Sandown-Hillside,Sandown,VIC
2022-03-10,Kilmore,Kilmore,VIC
2022-03-10,Pakenham,Pakenham,VIC
2022-03-11,Bendigo,Bendigo,VIC
2022-03-11,Cranbourne,Cranbourne,VIC
2022-03-11,Sunshine Coast Poly,Sunshine Coast,QLD
2022-03-12,Eagle Farm,Eagle Farm,QLD
2022-03-12,Flemington,Flemington,VIC
2022-03-12,Gold Coast,Gold Coast,QLD
2022-03-12,Morphettville Parks,Morphettville,SA
2022-03-12,Rockhampton,Rockhampton,QLD
2022-03-12,Toowoomba,Toowoomba,QLD
2022-03-12,Towong,Towong,VIC
2022-03-13,Balnarring,Balnarring,VIC
2022-03-13,Echuca,Echuca,VIC
2022-03-13,Stony Creek,Stony Creek,VIC
2022-03-13,Sunshine Coast,Sunshine Coast,QLD
2022-03-14,Morphettville,Morphettville,SA
2022-03-14,Warrnambool,Warrnambool,VIC
2022-03-15,Ballarat,Ballarat,VIC
2022-03-15,Mackay,Mackay,QLD
2022-03-16,Eagle Farm,Eagle Farm,QLD
2022-03-16,Sandown-Hillside,Sandown,VIC
2022-03-17,Ipswich,Ipswich,QLD
2022-03-17,Kyneton,Kyneton,VIC
2022-03-17,Pakenham,Pakenham,VIC
2022-03-18,Moonee Valley,Moonee Valley,VIC
2022-03-18,Penola,Penola,SA
2022-03-18,Sunshine Coast,Sunshine Coast,QLD
2022-03-18,Terang,Terang,VIC
2022-03-19,Flemington,Flemington,VIC
2022-03-19,Geelong,Geelong,VIC
2022-03-19,Gold Coast,Gold Coast,QLD
2022-03-19,Ipswich,Ipswich,QLD
2022-03-19,Longreach,Longreach,QLD
2022-03-19,Morphettville Parks,Morphettville,SA
2022-03-19,Toowoomba,Toowoomba,QLD
2022-03-20,Sunshine Coast,Sunshine Coast,QLD
2022-03-20,Swan Hill,Swan Hill,VIC
2022-03-20,Yarra Glen,Yarra Glen,VIC
2022-03-21,Chinchilla,Chinchilla,QLD
2022-03-22,Geelong,Geelong,VIC
2022-03-22,Rockhampton,Rockhampton,QLD
2022-03-23,Eagle Farm,Eagle Farm,QLD
2022-03-23,Sandown-Hillside,Sandown,VIC
2022-03-23,Strathalbyn,Strathalbyn,SA
2022-03-24,Ipswich,Ipswich,QLD
2022-03-24,Kilmore,Kilmore,VIC
2022-03-24,Pakenham,Pakenham,VIC
2022-03-25,Moonee Valley,Moonee Valley,VIC
2022-03-25,Toowoomba,Toowoomba,QLD
2022-03-25,Townsville,Townsville,QLD
2022-03-25,Warrnambool,Warrnambool,VIC
2022-03-26,Avoca,Avoca,VIC
2022-03-26,Cairns,Cairns,QLD
2022-03-26,Doomben,Doomben,QLD
2022-03-26,Gold Coast,Gold Coast,QLD
2022-03-26,Healesville,Healesville,VIC
2022-03-26,Mornington,Mornington,VIC
2022-03-26,Morphettville,Morphettville,SA
2022-03-26,Morphettville Parks,Morphettville,SA
2022-03-27,Bairnsdale,Bairnsdale,VIC
2022-03-27,Ballarat,Ballarat,VIC
2022-03-27,Murray Bridge GH,Murray Bridge GH,SA
2022-03-27,Sunshine Coast,Sunshine Coast,QLD
2022-03-29,Benalla,Benalla,VIC
2022-03-30,Oakbank,Oakbank,SA
2022-03-30,Sandown-Hillside,Sandown,VIC
2022-03-31,Ipswich,Ipswich,QLD
2022-03-31,Kyneton,Kyneton,VIC
2022-03-31,Pakenham,Pakenham,VIC
2022-04-01,Cranbourne,Cranbourne,VIC
2022-04-01,Geelong,Geelong,VIC
2022-04-01,Mt Gambier,Mt Gambier,SA
2022-04-01,Rockhampton,Rockhampton,QLD
2022-04-01,Sunshine Coast,Sunshine Coast,QLD
2022-04-02,Ararat,Ararat,VIC
2022-04-02,Bendigo,Bendigo,VIC
2022-04-02,Eagle Farm,Eagle Farm,QLD
2022-04-02,Gold Coast,Gold Coast,QLD
2022-04-02,Kilcoy,Kilcoy,QLD
2022-04-02,Morphettville,Morphettville,SA
2022-04-02,Toowoomba,Toowoomba,QLD
2022-04-03,Gawler,Gawler,SA
2022-04-03,Hamilton,Hamilton,VIC
2022-04-03,Sunshine Coast,Sunshine Coast,QLD
2022-04-04,Doomben,Doomben,QLD
2022-04-04,Mornington,Mornington,VIC
2022-04-05,Ballarat,Ballarat,VIC
2022-04-05,Townsville,Townsville,QLD
2022-04-06,Balaklava,Balaklava,SA
2022-04-06,Ipswich,Ipswich,QLD
2022-04-06,Sandown-Lakeside,Sandown,VIC
2022-04-07,Pakenham,Pakenham,VIC
2022-04-08,Cranbourne,Cranbourne,VIC
2022-04-08,Rockhampton,Rockhampton,QLD
2022-04-08,Wodonga,Wodonga,VIC
2022-04-09,Caulfield,Caulfield,VIC
2022-04-09,Doomben,Doomben,QLD
2022-04-09,Gold Coast,Gold Coast,QLD
2022-04-09,Goondiwindi,Goondiwindi,QLD
2022-04-09,Gympie,Gympie,QLD
2022-04-09,Morphettville,Morphettville,SA
2022-04-09,Rockhampton,Rockhampton,QLD
2022-04-09,Toowoomba,Toowoomba,QLD
2022-04-09,Werribee,Werribee,VIC
2022-04-10,Echuca,Echuca,VIC
2022-04-10,Gawler,Gawler,SA
2022-04-10,Sunshine Coast,Sunshine Coast,QLD
2022-04-10,Terang,Terang,VIC
2022-04-11,Birdsville,Birdsville,QLD
2022-04-11,Swan Hill,Swan Hill,VIC
2022-04-12,Benalla,Benalla,VIC
2022-04-12,Mackay,Mackay,QLD
2022-04-13,Doomben,Doomben,QLD
2022-04-13,Geelong,Geelong,VIC
2022-04-13,Port Lincoln,Port Lincoln,SA
2022-04-14,Pakenham,Pakenham,VIC
2022-04-14,Toowoomba,Toowoomba,QLD
2022-04-14,Townsville,Townsville,QLD
2022-04-15,Sale,Sale,VIC
2022-04-16,Caulfield,Caulfield,VIC
2022-04-16,Clare,Clare,SA
2022-04-16,Eagle Farm,Eagle Farm,QLD
2022-04-16,Gladstone,Gladstone,QLD
2022-04-16,Gold Coast,Gold Coast,QLD
2022-04-16,Kerang,Kerang,VIC
2022-04-16,Nanango,Nanango,QLD
2022-04-16,Oakbank,Oakbank,SA
2022-04-16,Warracknabeal,Warracknabeal,VIC
2022-04-17,Mornington,Mornington,VIC
2022-04-17,Penola,Penola,SA
2022-04-17,Stawell,Stawell,VIC
2022-04-17,Sunshine Coast,Sunshine Coast,QLD
2022-04-18,Augathella,Augathella,QLD
2022-04-18,Oakbank,Oakbank,SA
2022-04-18,Sandown-Lakeside,Sandown,VIC
2022-04-18,Townsville,Townsville,QLD
2022-04-19,Geelong,Geelong,VIC
2022-04-20,Bendigo,Bendigo,VIC
2022-04-20,Ipswich,Ipswich,QLD
2022-04-20,Strathalbyn,Strathalbyn,SA
2022-04-21,Kilmore,Kilmore,VIC
2022-04-21,Pakenham,Pakenham,VIC
2022-04-21,Rockhampton,Rockhampton,QLD
2022-04-22,Cranbourne,Cranbourne,VIC
2022-04-22,Werribee,Werribee,VIC
2022-04-23,Caulfield,Caulfield,VIC
2022-04-23,Dalby,Dalby,QLD
2022-04-23,Doomben,Doomben,QLD
2022-04-23,Gold Coast,Gold Coast,QLD
2022-04-23,Kyneton,Kyneton,VIC
2022-04-23,Morphettville,Morphettville,SA
2022-04-24,Ballarat,Ballarat,VIC
2022-04-24,Sunshine Coast,Sunshine Coast,QLD
2022-04-25,Beaudesert,Beaudesert,QLD
2022-04-25,Flemington,Flemington,VIC
2022-04-25,Gawler,Gawler,SA
2022-04-25,Moe,Moe,VIC
2022-04-26,Mildura,Mildura,VIC
2022-04-27,Ipswich,Ipswich,QLD
2022-04-27,Mt Gambier,Mt Gambier,SA
2022-04-27,Sale,Sale,VIC
2022-04-28,Mornington,Mornington,VIC
2022-04-28,Pakenham,Pakenham,VIC
2022-04-29,Cranbourne,Cranbourne,VIC
2022-04-29,Geelong,Geelong,VIC
2022-04-29,Mt Garnet,Mt Garnet,QLD
2022-04-29,Sunshine Coast,Sunshine Coast,QLD
2022-04-30,Barcaldine,Barcaldine,QLD
2022-04-30,Beaudesert,Beaudesert,QLD
2022-04-30,Eagle Farm,Eagle Farm,QLD
2022-04-30,Horsham,Horsham,VIC
2022-04-30,Morphettville,Morphettville,SA
2022-04-30,Morphettville Parks,Morphettville,SA
2022-04-30,Sandown-Hillside,Sandown,VIC
2022-04-30,Toowoomba,Toowoomba,QLD
2022-05-01,Bairnsdale,Bairnsdale,VIC
2022-05-01,Bendigo,Bendigo,VIC
2022-05-01,Port Augusta,Port Augusta,SA
2022-05-02,Ipswich,Ipswich,QLD
2022-05-02,Werribee,Werribee,VIC
2022-05-03,Warrnambool,Warrnambool,VIC
2022-05-03,Warwick,Warwick,QLD
2022-05-04,Eagle Farm,Eagle Farm,QLD
2022-05-04,Murray Bridge GH,Murray Bridge GH,SA
2022-05-04,Warrnambool,Warrnambool,VIC
2022-05-05,Gatton,Gatton,QLD
2022-05-05,Warrnambool,Warrnambool,VIC
2022-05-06,Cranbourne,Cranbourne,VIC
2022-05-06,Townsville,Townsville,QLD
2022-05-06,Wodonga,Wodonga,VIC
2022-05-07,Caulfield,Caulfield,VIC
2022-05-07,Donald,Donald,VIC
2022-05-07,Gold Coast,Gold Coast,QLD
2022-05-07,Goondiwindi,Goondiwindi,QLD
2022-05-07,Ipswich,Ipswich,QLD
2022-05-07,Morphettville,Morphettville,SA
2022-05-07,Toowoomba,Toowoomba,QLD
2022-05-08,Ballarat,Ballarat,VIC
2022-05-08,Naracoorte,Naracoorte,SA
2022-05-09,Kyneton,Kyneton,VIC
2022-05-10,Sale,Sale,VIC
2022-05-11,Gawler,Gawler,SA
2022-05-11,Sandown-Hillside,Sandown,VIC
2022-05-11,Sunshine Coast Poly,Sunshine Coast,QLD
2022-05-12,Kilmore,Kilmore,VIC
2022-05-12,Pakenham,Pakenham,VIC
2022-05-13,Cranbourne,Cranbourne,VIC
2022-05-13,Geelong,Geelong,VIC
2022-05-13,Port Augusta,Port Augusta,SA
2022-05-14,Eagle Farm,Eagle Farm,QLD
2022-05-14,Echuca,Echuca,VIC
2022-05-14,Flemington,Flemington,VIC
2022-05-14,Morphettville,Morphettville,SA
2022-05-14,Morphettville Parks,Morphettville,SA
2022-05-14,Sunshine Coast Poly,Sunshine Coast,QLD
2022-05-14,Toowoomba,Toowoomba,QLD
2022-05-15,Bendigo,Bendigo,VIC
2022-05-15,Casterton,Casterton,VIC
2022-05-15,Strathalbyn,Strathalbyn,SA
2022-05-15,Sunshine Coast Poly,Sunshine Coast,QLD
2022-05-16,Cairns,Cairns,QLD
2022-05-17,Moe,Moe,VIC
2022-05-17,Toowoomba,Toowoomba,QLD
2022-05-18,Ballarat,Ballarat,VIC
2022-05-18,Mt Gambier,Mt Gambier,SA
2022-05-18,Sunshine Coast Poly,Sunshine Coast,QLD
2022-05-19,Pakenham,Pakenham,VIC
2022-05-19,Rockhampton,Rockhampton,QLD
2022-05-19,Stawell,Stawell,VIC
2022-05-20,Cranbourne,Cranbourne,VIC
2022-05-20,Geelong,Geelong,VIC
2022-05-20,Townsville,Townsville,QLD
2022-05-21,Flemington,Flemington,VIC
2022-05-21,Morphettville,Morphettville,SA
2022-05-21,Warracknabeal,Warracknabeal,VIC
2022-05-22,Gawler,Gawler,SA
2022-05-22,Sandown-Lakeside,Sandown,VIC
2022-05-22,Sunshine Coast Poly,Sunshine Coast,QLD
2022-05-22,Wangaratta,Wangaratta,VIC
2022-05-23,Ballarat Synthetic,Ballarat,VIC
2022-05-24,Mornington,Mornington,VIC
2022-05-25,Balaklava,Balaklava,SA
2022-05-25,Sale,Sale,VIC
2022-05-26,Kilmore,Kilmore,VIC
2022-05-26,Pakenham Synthetic,Pakenham,VIC
2022-05-27,Ballarat Synthetic,Ballarat,VIC
2022-05-27,Cranbourne,Cranbourne,VIC
2022-05-27,Rockhampton,Rockhampton,QLD
2022-05-27,Sunshine Coast Poly,Sunshine Coast,QLD
2022-05-28,Caulfield,Caulfield,VIC
2022-05-28,Chinchilla,Chinchilla,QLD
2022-05-28,Eagle Farm,Eagle Farm,QLD
2022-05-28,Hawker,Hawker,SA
2022-05-28,Mackay,Mackay,QLD
2022-05-28,Murray Bridge GH,Murray Bridge GH,SA
2022-05-28,Sunshine Coast Poly,Sunshine Coast,QLD
2022-05-28,Toowoomba,Toowoomba,QLD
2022-05-28,Wodonga,Wodonga,VIC
2022-05-29,Ballarat,Ballarat,VIC
2022-05-29,Ipswich,Ipswich,QLD
2022-05-29,Mildura,Mildura,VIC
2022-05-29,Mt Gambier,Mt Gambier,SA
2022-05-29,Nanango,Nanango,QLD
2022-05-30,Doomben,Doomben,QLD
2022-05-30,Pakenham Synthetic,Pakenham,VIC
2022-05-31,Hamilton,Hamilton,VIC
2022-05-31,Townsville,Townsville,QLD
2022-06-01,Doomben,Doomben,QLD
2022-06-01,Sandown-Lakeside,Sandown,VIC
2022-06-01,Strathalbyn,Strathalbyn,SA
2022-06-02,Echuca,Echuca,VIC
2022-06-02,Ipswich,Ipswich,QLD
2022-06-03,Pakenham Synthetic,Pakenham,VIC
2022-06-03,Rockhampton,Rockhampton,QLD
2022-06-03,Sunshine Coast,Sunshine Coast,QLD
2022-06-04,Bendigo,Bendigo,VIC
2022-06-04,Eagle Farm,Eagle Farm,QLD
2022-06-04,Flemington,Flemington,VIC
2022-06-04,Gold Coast,Gold Coast,QLD
2022-06-04,Morphettville Parks,Morphettville,SA
2022-06-04,Toowoomba,Toowoomba,QLD
2022-06-05,Geelong,Geelong,VIC
2022-06-05,Moe,Moe,VIC
2022-06-05,Sunshine Coast,Sunshine Coast,QLD
2022-06-06,Ballarat Synthetic,Ballarat,VIC
2022-06-08,Balaklava,Balaklava,SA
2022-06-08,Doomben,Doomben,QLD
2022-06-08,Sale,Sale,VIC
2022-06-09,Ballarat Synthetic,Ballarat,VIC
2022-06-09,Mackay,Mackay,QLD
2022-06-10,Gatton,Gatton,QLD
2022-06-10,Swan Hill,Swan Hill,VIC
2022-06-11,Eagle Farm,Eagle Farm,QLD
2022-06-11,Gayndah,Gayndah,QLD
2022-06-11,Gold Coast,Gold Coast,QLD
2022-06-11,Moranbah,Moranbah,QLD
2022-06-11,Morphettville Parks,Morphettville,SA
2022-06-11,Sandown-Hillside,Sandown,VIC
2022-06-11,Swan Hill,Swan Hill,VIC
2022-06-11,Toowoomba,Toowoomba,QLD
2022-06-11,Townsville,Townsville,QLD
2022-06-12,Casterton,Casterton,VIC
2022-06-12,Port Augusta,Port Augusta,SA
2022-06-12,Sunshine Coast,Sunshine Coast,QLD
2022-06-12,Swan Hill,Swan Hill,VIC
2022-06-13,Cairns,Cairns,QLD
2022-06-13,Mornington,Mornington,VIC
2022-06-13,Murray Bridge GH,Murray Bridge GH,SA
2022-06-14,Ballarat Synthetic,Ballarat,VIC
2022-06-14,Dalby,Dalby,QLD
2022-06-15,Doomben,Doomben,QLD
2022-06-15,Sandown-Hillside,Sandown,VIC
2022-06-15,Strathalbyn,Strathalbyn,SA
2022-06-16,Townsville,Townsville,QLD
2022-06-16,Wangaratta,Wangaratta,VIC
2022-06-17,Geelong,Geelong,VIC
2022-06-17,Sunshine Coast,Sunshine Coast,QLD
2022-06-18,Donald,Donald,VIC
2022-06-18,Flemington,Flemington,VIC
2022-06-18,Gold Coast,Gold Coast,QLD
2022-06-18,Gympie,Gympie,QLD
2022-06-18,Ipswich,Ipswich,QLD
2022-06-18,McKinlay,McKinlay,QLD
2022-06-18,Murray Bridge GH,Murray Bridge GH,SA
2022-06-19,Bendigo,Bendigo,VIC
2022-06-19,Mt Gambier,Mt Gambier,SA
2022-06-19,Sunshine Coast,Sunshine Coast,QLD
2022-06-19,Warrnambool,Warrnambool,VIC
2022-06-20,Ballarat Synthetic,Ballarat,VIC
2022-06-21,Beaudesert,Beaudesert,QLD
2022-06-21,Pakenham Synthetic,Pakenham,VIC
2022-06-22,Cranbourne,Cranbourne,VIC
2022-06-22,Doomben,Doomben,QLD
2022-06-22,Gawler,Gawler,SA
2022-06-23,Moe,Moe,VIC
2022-06-24,Ballarat Synthetic,Ballarat,VIC
2022-06-24,Rockhampton,Rockhampton,QLD
2022-06-25,Caulfield,Caulfield,VIC
2022-06-25,Eagle Farm,Eagle Farm,QLD
2022-06-25,Echuca,Echuca,VIC
2022-06-25,Gatton,Gatton,QLD
2022-06-25,Gladstone,Gladstone,QLD
2022-06-25,Gold Coast,Gold Coast,QLD
2022-06-25,Morphettville,Morphettville,SA
2022-06-25,Nanango,Nanango,QLD
2022-06-26,Casterton,Casterton,VIC
2022-06-26,Donald,Donald,VIC
2022-06-26,Port Augusta,Port Augusta,SA
2022-06-26,Rockhampton,Rockhampton,QLD
2022-06-26,Warwick,Warwick,QLD
2022-06-27,Pakenham Synthetic,Pakenham,VIC
2022-06-28,Ballarat Synthetic,Ballarat,VIC
2022-06-28,Townsville,Townsville,QLD
2022-06-29,Balaklava,Balaklava,SA
2022-06-29,Eagle Farm,Eagle Farm,QLD
2022-06-29,Sandown-Lakeside,Sandown,VIC
2022-06-30,Bendigo,Bendigo,VIC
2022-06-30,Ipswich,Ipswich,QLD
2022-07-01,Geelong,Geelong,VIC
2022-07-02,Flemington,Flemington,VIC
2022-07-02,Murray Bridge GH,Murray Bridge GH,SA
2022-07-02,Sunshine Coast,Sunshine Coast,QLD
2022-07-02,Toowoomba,Toowoomba,QLD
2022-07-02,Wangaratta,Wangaratta,VIC
2022-07-03,Pakenham Synthetic,Pakenham,VIC
2022-07-03,Warrnambool,Warrnambool,VIC
2022-07-04,Warracknabeal,Warracknabeal,VIC
2022-07-05,Ballarat Synthetic,Ballarat,VIC
2022-07-05,Townsville,Townsville,QLD
2022-07-06,Mt Gambier,Mt Gambier,SA
2022-07-06,Sandown-Lakeside,Sandown,VIC
2022-07-06,Sunshine Coast Poly,Sunshine Coast,QLD
2022-07-07,Cranbourne,Cranbourne,VIC
2022-07-08,Rockhampton,Rockhampton,QLD
2022-07-08,Sale,Sale,VIC
2022-07-09,Caulfield,Caulfield,VIC
2022-07-09,Doomben,Doomben,QLD
2022-07-09,Gawler,Gawler,SA
2022-07-09,Home Hill,Home Hill,QLD
2022-07-09,Pakenham Synthetic,Pakenham,VIC
2022-07-09,Rockhampton,Rockhampton,QLD
2022-07-09,Roma,Roma,QLD
2022-07-09,Toowoomba,Toowoomba,QLD
2022-07-10,Ballarat,Ballarat,VIC
2022-07-10,Port Augusta,Port Augusta,SA
2022-07-10,Sunshine Coast Poly,Sunshine Coast,QLD
2022-07-10,Wodonga,Wodonga,VIC
2022-07-11,Donald,Donald,VIC
2022-07-12,Ballarat Synthetic,Ballarat,VIC
2022-07-12,Cairns,Cairns,QLD
2022-07-13,Doomben,Doomben,QLD
2022-07-13,Murray Bridge GH,Murray Bridge GH,SA
2022-07-13,Sandown-Hillside,Sandown,VIC
2022-07-14,Bendigo,Bendigo,VIC
2022-07-14,Ipswich,Ipswich,QLD
2022-07-15,Geelong,Geelong,VIC
2022-07-15,Mackay,Mackay,QLD
2022-07-16,Blackall,Blackall,QLD
2022-07-16,Eagle Farm,Eagle Farm,QLD
2022-07-16,Flemington,Flemington,VIC
2022-07-16,Gold Coast,Gold Coast,QLD
2022-07-16,Gympie,Gympie,QLD
2022-07-16,Moe,Moe,VIC
2022-07-16,Morphettville Parks,Morphettville,SA
2022-07-16,Toowoomba,Toowoomba,QLD
2022-07-17,Murtoa,Murtoa,VIC
2022-07-17,Pakenham,Pakenham,VIC
2022-07-17,Sunshine Coast,Sunshine Coast,QLD
2022-07-18,Warrnambool,Warrnambool,VIC
2022-07-18,Warwick,Warwick,QLD
2022-07-19,Ballarat Synthetic,Ballarat,VIC
2022-07-19,Rockhampton,Rockhampton,QLD
2022-07-20,Gawler,Gawler,SA
2022-07-20,Sandown-Hillside,Sandown,VIC
2022-07-21,Cranbourne,Cranbourne,VIC
2022-07-21,Townsville,Townsville,QLD
2022-07-22,Bordertown,Bordertown,SA
2022-07-22,Gatton,Gatton,QLD
2022-07-22,Mildura,Mildura,VIC
2022-07-23,Bundaberg,Bundaberg,QLD
2022-07-23,Caulfield,Caulfield,VIC
2022-07-23,Doomben,Doomben,QLD
2022-07-23,Emerald,Emerald,QLD
2022-07-23,Longreach,Longreach,QLD
2022-07-23,Mackay,Mackay,QLD
2022-07-23,Mildura,Mildura,VIC
2022-07-23,Morphettville Parks,Morphettville,SA
2022-07-23,Toowoomba,Toowoomba,QLD
2022-07-24,Casterton,Casterton,VIC
2022-07-24,Port Augusta,Port Augusta,SA
2022-07-24,Sale,Sale,VIC
2022-07-24,Sunshine Coast,Sunshine Coast,QLD
2022-07-25,Sunshine Coast Poly,Sunshine Coast,QLD
2022-07-25,Warracknabeal,Warracknabeal,VIC
2022-07-26,Bairnsdale,Bairnsdale,VIC
2022-07-26,Kilcoy,Kilcoy,QLD
2022-07-27,Balaklava,Balaklava,SA
2022-07-27,Doomben,Doomben,QLD
2022-07-27,Sandown-Hillside,Sandown,VIC
2022-07-28,Cairns,Cairns,QLD
2022-07-28,Pakenham Synthetic,Pakenham,VIC
2022-07-29,Echuca,Echuca,VIC
2022-07-29,Ipswich,Ipswich,QLD
2022-07-29,Murray Bridge GH,Murray Bridge GH,SA
2022-07-30,Eagle Farm,Eagle Farm,QLD
2022-07-30,Gold Coast,Gold Coast,QLD
2022-07-30,Moonee Valley,Moonee Valley,VIC
2022-07-30,Morphettville,Morphettville,SA
2022-07-30,Toowoomba,Toowoomba,QLD
2022-07-30,Townsville,Townsville,QLD
2022-07-31,Bendigo,Bendigo,VIC
2022-07-31,Sunshine Coast,Sunshine Coast,QLD
2022-08-01,Pakenham Synthetic,Pakenham,VIC
2022-08-01,Rockhampton,Rockhampton,QLD
2022-08-02,Coleraine,Coleraine,VIC
2022-08-02,Warwick,Warwick,QLD
2022-08-03,Eagle Farm,Eagle Farm,QLD
2022-08-03,Gawler,Gawler,SA
2022-08-03,Geelong,Geelong,VIC
2022-08-04,Cranbourne,Cranbourne,VIC
2022-08-04,Townsville,Townsville,QLD
2022-08-05,Ballarat Synthetic,Ballarat,VIC
2022-08-05,Ipswich,Ipswich,QLD
2022-08-06,Doomben,Doomben,QLD
2022-08-06,Flemington,Flemington,VIC
2022-08-06,Gold Coast,Gold Coast,QLD
2022-08-06,Moe,Moe,VIC
2022-08-06,Murray Bridge GH,Murray Bridge GH,SA
2022-08-06,Roxby Downs,Roxby Downs,SA
2022-08-06,Toowoomba,Toowoomba,QLD
2022-08-06,Townsville,Townsville,QLD
2022-08-06,Yeppoon,Yeppoon,QLD
2022-08-07,Sandown-Lakeside,Sandown,VIC
2022-08-07,Sunshine Coast,Sunshine Coast,QLD
2022-08-07,Swan Hill,Swan Hill,VIC
2022-08-08,Pakenham Synthetic,Pakenham,VIC
2022-08-08,Wangaratta,Wangaratta,VIC
2022-08-09,Ballarat Synthetic,Ballarat,VIC
2022-08-09,Mackay,Mackay,QLD
2022-08-10,Balaklava,Balaklava,SA
2022-08-10,Doomben,Doomben,QLD
2022-08-10,Sandown-Hillside,Sandown,VIC
2022-08-11,Mt Isa,Mt Isa,QLD
2022-08-11,Sale,Sale,VIC
2022-08-12,Geelong,Geelong,VIC
2022-08-12,Ipswich,Ipswich,QLD
2022-08-13,Caulfield,Caulfield,VIC
2022-08-13,Eagle Farm,Eagle Farm,QLD
2022-08-13,Gold Coast,Gold Coast,QLD
2022-08-13,Innisfail,Innisfail,QLD
2022-08-13,Morphettville,Morphettville,SA
2022-08-13,Toowoomba,Toowoomba,QLD
2022-08-13,Wodonga,Wodonga,VIC
2022-08-14,Bendigo,Bendigo,VIC
2022-08-14,Port Augusta,Port Augusta,SA
2022-08-14,Sunshine Coast,Sunshine Coast,QLD
2022-08-15,Pakenham Synthetic,Pakenham,VIC
2022-08-16,Beaudesert,Beaudesert,QLD
2022-08-16,Donald,Donald,VIC
2022-08-17,Cranbourne,Cranbourne,VIC
2022-08-17,Ipswich,Ipswich,QLD
2022-08-17,Morphettville Parks,Morphettville,SA
2022-08-18,Echuca,Echuca,VIC
2022-08-19,Ballarat Synthetic,Ballarat,VIC
2022-08-19,Gatton,Gatton,QLD
2022-08-20,Bowen,Bowen,QLD
2022-08-20,Cairns,Cairns,QLD
2022-08-20,Doomben,Doomben,QLD
2022-08-20,Gold Coast,Gold Coast,QLD
2022-08-20,Gympie,Gympie,QLD
2022-08-20,Moonee Valley,Moonee Valley,VIC
2022-08-20,Murray Bridge GH,Murray Bridge GH,SA
2022-08-20,Quorn,Quorn,SA
2022-08-20,Roma,Roma,QLD
2022-08-20,Toowoomba,Toowoomba,QLD
2022-08-20,Wangaratta,Wangaratta,VIC
2022-08-21,Mildura,Mildura,VIC
2022-08-21,Sale,Sale,VIC
2022-08-21,Sunshine Coast Poly,Sunshine Coast,QLD
2022-08-22,Pakenham Synthetic,Pakenham,VIC
2022-08-23,Mackay,Mackay,QLD
2022-08-23,Warrnambool,Warrnambool,VIC
2022-08-24,Gawler,Gawler,SA
2022-08-24,Ipswich,Ipswich,QLD
2022-08-24,Sandown-Lakeside,Sandown,VIC
2022-08-25,Bendigo,Bendigo,VIC
2022-08-25,Dalby,Dalby,QLD
2022-08-26,Gold Coast,Gold Coast,QLD
2022-08-26,Pakenham Synthetic,Pakenham,VIC
2022-08-27,Betoota,Betoota,QLD
2022-08-27,Cairns,Cairns,QLD
2022-08-27,Caulfield,Caulfield,VIC
2022-08-27,Eagle Farm,Eagle Farm,QLD
2022-08-27,Kilcoy,Kilcoy,QLD
2022-08-27,Morphettville Parks,Morphettville,SA
2022-08-27,Toowoomba,Toowoomba,QLD
2022-08-27,Warracknabeal,Warracknabeal,VIC
2022-08-28,Ballarat,Ballarat,VIC
2022-08-28,Moe,Moe,VIC
2022-08-28,Sunshine Coast,Sunshine Coast,QLD
2022-08-29,Benalla,Benalla,VIC
2022-08-30,Ballarat Synthetic,Ballarat,VIC
2022-08-30,Rockhampton,Rockhampton,QLD
2022-08-31,Ipswich,Ipswich,QLD
2022-08-31,Murray Bridge GH,Murray Bridge GH,SA
2022-08-31,Sandown-Lakeside,Sandown,VIC
2022-09-01,Bowen,Bowen,QLD
2022-09-01,Sale,Sale,VIC
2022-09-02,Mornington,Mornington,VIC
2022-09-03,Birdsville,Birdsville,QLD
2022-09-03,Bundaberg,Bundaberg,QLD
2022-09-03,Doomben,Doomben,QLD
2022-09-03,Gold Coast,Gold Coast,QLD
2022-09-03,Mildura,Mildura,VIC
2022-09-03,Moonee Valley,Moonee Valley,VIC
2022-09-03,Morphettville,Morphettville,SA
2022-09-03,Toowoomba,Toowoomba,QLD
2022-09-04,Birdsville,Birdsville,QLD
2022-09-04,Casterton,Casterton,VIC
2022-09-04,Geelong,Geelong,VIC
2022-09-04,Sunshine Coast,Sunshine Coast,QLD
2022-09-05,Wodonga,Wodonga,VIC
2022-09-06,Mackay,Mackay,QLD
2022-09-06,Moe,Moe,VIC
2022-09-07,Eagle Farm,Eagle Farm,QLD
2022-09-07,Murray Bridge GH,Murray Bridge GH,SA
2022-09-07,Sandown-Hillside,Sandown,VIC
2022-09-08,Sunshine Coast Poly,Sunshine Coast,QLD
2022-09-09,Cairns,Cairns,QLD
2022-09-09,Swan Hill,Swan Hill,VIC
2022-09-10,Bedourie,Bedourie,QLD
2022-09-10,Cairns,Cairns,QLD
2022-09-10,Doomben,Doomben,QLD
2022-09-10,Echuca,Echuca,VIC
2022-09-10,Flemington,Flemington,VIC
2022-09-10,Gold Coast,Gold Coast,QLD
2022-09-10,Morphettville Parks,Morphettville,SA
2022-09-10,Nanango,Nanango,QLD
2022-09-10,Toowoomba,Toowoomba,QLD
2022-09-11,Donald,Donald,VIC
2022-09-11,Mt Gambier,Mt Gambier,SA
2022-09-11,Sale,Sale,VIC
2022-09-11,Sunshine Coast,Sunshine Coast,QLD
2022-09-13,Hamilton,Hamilton,VIC
2022-09-13,Yeppoon,Yeppoon,QLD
2022-09-14,Balaklava,Balaklava,SA
2022-09-14,Doomben,Doomben,QLD
2022-09-14,Sandown-Hillside,Sandown,VIC
2022-09-15,Geelong,Geelong,VIC
2022-09-15,Townsville,Townsville,QLD
2022-09-16,Ballarat Synthetic,Ballarat,VIC
2022-09-16,Kilcoy,Kilcoy,QLD
2022-09-17,Caulfield,Caulfield,VIC
2022-09-17,Dalby,Dalby,QLD
2022-09-17,Gatton,Gatton,QLD
2022-09-17,Gold Coast,Gold Coast,QLD
2022-09-17,Gympie,Gympie,QLD
2022-09-17,Morphettville,Morphettville,SA
2022-09-17,Springsure,Springsure,QLD
2022-09-17,Winton,Winton,QLD
2022-09-18,Flemington,Flemington,VIC
2022-09-18,Halidon,Halidon,SA
2022-09-18,Sunshine Coast,Sunshine Coast,QLD
2022-09-19,Pakenham Synthetic,Pakenham,VIC
2022-09-20,Warracknabeal,Warracknabeal,VIC
2022-09-21,Bendigo,Bendigo,VIC
2022-09-21,Doomben,Doomben,QLD
2022-09-22,Mackay,Mackay,QLD
2022-09-22,Moe,Moe,VIC
2022-09-22,Pakenham Synthetic,Pakenham,VIC
2022-09-23,Benalla,Benalla,VIC
2022-09-23,Coleraine,Coleraine,VIC
2022-09-23,Moonee Valley,Moonee Valley,VIC
2022-09-23,Sunshine Coast,Sunshine Coast,QLD
2022-09-24,Ewan,Ewan,QLD
2022-09-24,Gladstone,Gladstone,QLD
2022-09-24,Gold Coast,Gold Coast,QLD
2022-09-24,Mornington,Mornington,VIC
2022-09-24,Morphettville Parks,Morphettville,SA
2022-09-24,Toowoomba,Toowoomba,QLD
2022-09-25,Naracoorte,Naracoorte,SA
2022-09-25,Sandown-Hillside,Sandown,VIC
2022-09-25,Sunshine Coast,Sunshine Coast,QLD
2022-09-25,Taroom,Taroom,QLD
2022-09-27,Yeppoon,Yeppoon,QLD
2022-09-28,Cranbourne,Cranbourne,VIC
2022-09-28,Sunshine Coast,Sunshine Coast,QLD
2022-09-29,Gatton,Gatton,QLD
2022-09-29,Geelong,Geelong,VIC
2022-09-30,Ballarat Synthetic,Ballarat,VIC
2022-09-30,Moonee Valley,Moonee Valley,VIC
2022-09-30,Townsville,Townsville,QLD
2022-10-01,Eagle Farm,Eagle Farm,QLD
2022-10-01,Eidsvold,Eidsvold,QLD
2022-10-01,Flemington,Flemington,VIC
2022-10-01,Gold Coast,Gold Coast,QLD
2022-10-01,Jamestown,Jamestown,SA
2022-10-01,Mackay,Mackay,QLD
2022-10-01,Morphettville Parks,Morphettville,SA
2022-10-01,Murtoa,Murtoa,VIC
2022-10-01,Tara,Tara,QLD
2022-10-01,Toowoomba,Toowoomba,QLD
2022-10-02,Bendigo,Bendigo,VIC
2022-10-02,Sunshine Coast,Sunshine Coast,QLD
2022-10-02,Wangaratta,Wangaratta,VIC
2022-10-03,Beaudesert,Beaudesert,QLD
2022-10-03,Gawler,Gawler,SA
2022-10-03,Pakenham Synthetic,Pakenham,VIC
2022-10-04,Mildura,Mildura,VIC
2022-10-05,Ipswich,Ipswich,QLD
2022-10-05,Sale,Sale,VIC
2022-10-06,Mornington,Mornington,VIC
2022-10-06,Townsville,Townsville,QLD
2022-10-07,Ballarat Synthetic,Ballarat,VIC
2022-10-07,Cloncurry,Cloncurry,QLD
2022-10-07,Cranbourne,Cranbourne,VIC
2022-10-07,Sunshine Coast,Sunshine Coast,QLD
2022-10-08,Caulfield,Caulfield,VIC
2022-10-08,Eagle Farm,Eagle Farm,QLD
2022-10-08,Emerald,Emerald,QLD
2022-10-08,Gayndah,Gayndah,QLD
2022-10-08,Gold Coast,Gold Coast,QLD
2022-10-08,Hamilton,Hamilton,VIC
2022-10-08,Manangatang,Manangatang,VIC
2022-10-08,Morphettville,Morphettville,SA
2022-10-08,Warwick,Warwick,QLD
2022-10-09,Ballarat,Ballarat,VIC
2022-10-09,Penola,Penola,SA
2022-10-09,Sunshine Coast,Sunshine Coast,QLD
2022-10-10,Bairnsdale,Bairnsdale,VIC
2022-10-11,Echuca,Echuca,VIC
2022-10-12,Balaklava,Balaklava,SA
2022-10-12,Caulfield,Caulfield,VIC
2022-10-12,Ipswich,Ipswich,QLD
2022-10-13,Townsville,Townsville,QLD
2022-10-14,Kilcoy,Kilcoy,QLD
2022-10-14,Moe,Moe,VIC
2022-10-14,Murray Bridge GH,Murray Bridge GH,SA
2022-10-14,Pakenham Synthetic,Pakenham,VIC
2022-10-15,Ballarat Synthetic,Ballarat,VIC
2022-10-15,Caulfield,Caulfield,VIC
2022-10-15,Eagle Farm,Eagle Farm,QLD
2022-10-15,Gold Coast,Gold Coast,QLD
2022-10-15,Mitchell,Mitchell,QLD
2022-10-15,Morphettville Parks,Morphettville,SA
2022-10-15,Rockhampton,Rockhampton,QLD
2022-10-15,Toowoomba,Toowoomba,QLD
2022-10-16,Horsham,Horsham,VIC
2022-10-16,Pakenham Synthetic,Pakenham,VIC
2022-10-16,Sunshine Coast,Sunshine Coast,QLD
2022-10-17,Mornington,Mornington,VIC
2022-10-18,Cairns,Cairns,QLD
2022-10-18,Casterton,Casterton,VIC
2022-10-19,Geelong,Geelong,VIC
2022-10-19,Ipswich,Ipswich,QLD
2022-10-19,Mt Gambier,Mt Gambier,SA
2022-10-20,Ballarat,Ballarat,VIC
2022-10-20,Gatton,Gatton,QLD
2022-10-21,Cranbourne,Cranbourne,VIC
2022-10-21,Gawler,Gawler,SA
2022-10-21,Moonee Valley,Moonee Valley,VIC
2022-10-21,Sunshine Coast,Sunshine Coast,QLD
2022-10-22,Doomben,Doomben,QLD
2022-10-22,Gold Coast,Gold Coast,QLD
2022-10-22,Moe,Moe,VIC
2022-10-22,Moonee Valley,Moonee Valley,VIC
2022-10-22,Morphettville,Morphettville,SA
2022-10-22,St Arnaud,St Arnaud,VIC
2022-10-22,Townsville,Townsville,QLD
2022-10-23,Gympie,Gympie,QLD
2022-10-23,Sale,Sale,VIC
2022-10-24,Casterton,Casterton,VIC
2022-10-25,Warracknabeal,Warracknabeal,VIC
2022-10-26,Bendigo,Bendigo,VIC
2022-10-26,Eagle Farm,Eagle Farm,QLD
2022-10-26,Strathalbyn,Strathalbyn,SA
2022-10-27,Ballarat Synthetic,Ballarat,VIC
2022-10-28,Ipswich,Ipswich,QLD
2022-10-28,Moonee Valley,Moonee Valley,VIC
2022-10-28,Pakenham Synthetic,Pakenham,VIC
2022-10-29,Beaudesert,Beaudesert,QLD
2022-10-29,Dalby,Dalby,QLD
2022-10-29,Eagle Farm,Eagle Farm,QLD
2022-10-29,Flemington,Flemington,VIC
2022-10-29,Gold Coast,Gold Coast,QLD
2022-10-29,Morphettville,Morphettville,SA
2022-10-29,Toowoomba,Toowoomba,QLD
2022-10-29,Traralgon,Traralgon,VIC
2022-10-29,Yeppoon,Yeppoon,QLD
2022-10-30,Cairns,Cairns,QLD
2022-10-30,Mornington,Mornington,VIC
2022-10-30,Naracoorte,Naracoorte,SA
2022-10-31,Ballarat Synthetic,Ballarat,VIC
2022-11-01,Bundaberg,Bundaberg,QLD
2022-11-01,Eagle Farm,Eagle Farm,QLD
2022-11-01,Echuca,Echuca,VIC
2022-11-01,Flemington,Flemington,VIC
2022-11-01,Gold Coast,Gold Coast,QLD
2022-11-01,Mackay,Mackay,QLD
2022-11-01,Mildura,Mildura,VIC
2022-11-01,Morphettville,Morphettville,SA
2022-11-01,Sunshine Coast,Sunshine Coast,QLD
2022-11-02,Bendigo,Bendigo,VIC
2022-11-02,Port Lincoln,Port Lincoln,SA
2022-11-03,Flemington,Flemington,VIC
2022-11-03,Ipswich,Ipswich,QLD
2022-11-04,Pakenham,Pakenham,VIC
2022-11-04,Rockhampton,Rockhampton,QLD
2022-11-04,Swan Hill,Swan Hill,VIC
2022-11-05,Cooktown,Cooktown,QLD
2022-11-05,Doomben,Doomben,QLD
2022-11-05,Flemington,Flemington,VIC
2022-11-05,Geelong,Geelong,VIC
2022-11-05,Gold Coast,Gold Coast,QLD
2022-11-05,Morphettville Parks,Morphettville,SA
2022-11-05,Toowoomba,Toowoomba,QLD
2022-11-05,Winton,Winton,QLD
2022-11-06,Ararat,Ararat,VIC
2022-11-06,Benalla,Benalla,VIC
2022-11-06,Gawler,Gawler,SA
2022-11-06,Sunshine Coast,Sunshine Coast,QLD
2022-11-07,Moe,Moe,VIC
2022-11-08,Casterton,Casterton,VIC
2022-11-08,Townsville,Townsville,QLD
2022-11-09,Bendigo,Bendigo,VIC
2022-11-09,Ipswich,Ipswich,QLD
2022-11-09,Murray Bridge GH,Murray Bridge GH,SA
2022-11-10,Mackay,Mackay,QLD
2022-11-10,Pakenham,Pakenham,VIC
2022-11-11,Moonee Valley,Moonee Valley,VIC
2022-11-11,Port Lincoln,Port Lincoln,SA
2022-11-11,Seymour,Seymour,VIC
2022-11-11,Sunshine Coast,Sunshine Coast,QLD
2022-11-11,Warwick,Warwick,QLD
2022-11-12,Cranbourne,Cranbourne,VIC
2022-11-12,Doomben,Doomben,QLD
2022-11-12,Emerald,Emerald,QLD
2022-11-12,Gold Coast,Gold Coast,QLD
2022-11-12,Home Hill,Home Hill,QLD
2022-11-12,Mt Perry,Mt Perry,QLD
2022-11-12,Terang,Terang,VIC
2022-11-12,Toowoomba,Toowoomba,QLD
2022-11-13,Donald,Donald,VIC
2022-11-13,Geelong,Geelong,VIC
2022-11-14,Bairnsdale,Bairnsdale,VIC
2022-11-15,Beaudesert,Beaudesert,QLD
2022-11-15,Kyneton,Kyneton,VIC
2022-11-16,Doomben,Doomben,QLD
2022-11-16,Morphettville,Morphettville,SA
2022-11-16,Sandown-Lakeside,Sandown,VIC
2022-11-17,Gawler,Gawler,SA
2022-11-17,Mornington,Mornington,VIC
2022-11-17,Rockhampton,Rockhampton,QLD
2022-11-18,Ipswich,Ipswich,QLD
2022-11-18,Moe,Moe,VIC
2022-11-18,Moonee Valley,Moonee Valley,VIC
2022-11-18,Naracoorte,Naracoorte,SA
2022-11-19,Atherton,Atherton,QLD
2022-11-19,Ballarat,Ballarat,VIC
2022-11-19,Clermont,Clermont,QLD
2022-11-19,Gold Coast,Gold Coast,QLD
2022-11-19,Gympie,Gympie,QLD
2022-11-19,Morphettville Parks,Morphettville,SA
2022-11-19,Penshurst,Penshurst,VIC
2022-11-19,Roma,Roma,QLD
2022-11-19,Sunshine Coast,Sunshine Coast,QLD
2022-11-19,Tatura,Tatura,VIC
2022-11-19,Toowoomba,Toowoomba,QLD
2022-11-20,Swan Hill,Swan Hill,VIC
2022-11-20,Townsville,Townsville,QLD
2022-11-21,Casterton,Casterton,VIC
2022-11-22,Geelong,Geelong,VIC
2022-11-23,Balaklava,Balaklava,SA
2022-11-23,Doomben,Doomben,QLD
2022-11-23,Sandown-Lakeside,Sandown,VIC
2022-11-24,Bendigo,Bendigo,VIC
2022-11-25,Cranbourne,Cranbourne,VIC
2022-11-25,Mackay,Mackay,QLD
2022-11-25,Port Lincoln,Port Lincoln,SA
2022-11-25,Sunshine Coast,Sunshine Coast,QLD
2022-11-25,Wodonga,Wodonga,VIC
2022-11-26,Ballarat Synthetic,Ballarat,VIC
2022-11-26,Caulfield,Caulfield,VIC
2022-11-26,Gold Coast,Gold Coast,QLD
2022-11-26,Ipswich,Ipswich,QLD
2022-11-26,Kilcoy,Kilcoy,QLD
2022-11-26,Moe,Moe,VIC
2022-11-26,Morphettville,Morphettville,SA
2022-11-26,Thangool,Thangool,QLD
2022-11-26,Toowoomba,Toowoomba,QLD
2022-11-27,Strathalbyn,Strathalbyn,SA
2022-11-27,Sunshine Coast,Sunshine Coast,QLD
2022-11-27,Traralgon,Traralgon,VIC
2022-11-27,Warrnambool,Warrnambool,VIC
2022-11-28,Kyneton,Kyneton,VIC
2022-11-29,Ararat,Ararat,VIC
2022-11-30,Gawler,Gawler,SA
2022-11-30,Geelong,Geelong,VIC
2022-11-30,Gold Coast,Gold Coast,QLD
2022-12-01,Wangaratta,Wangaratta,VIC
2022-12-02,Ipswich,Ipswich,QLD
2022-12-02,Moonee Valley,Moonee Valley,VIC
2022-12-02,Mornington,Mornington,VIC
2022-12-02,Mt Gambier,Mt Gambier,SA
2022-12-03,Doomben,Doomben,QLD
2022-12-03,Gold Coast,Gold Coast,QLD
2022-12-03,Goondiwindi,Goondiwindi,QLD
2022-12-03,Innisfail,Innisfail,QLD
2022-12-03,Longreach,Longreach,QLD
2022-12-03,Morphettville Parks,Morphettville,SA
2022-12-03,Nanango,Nanango,QLD
2022-12-03,Pakenham,Pakenham,VIC
2022-12-03,Rockhampton,Rockhampton,QLD
2022-12-03,Stawell,Stawell,VIC
2022-12-03,Toowoomba,Toowoomba,QLD
2022-12-03,Traralgon,Traralgon,VIC
2022-12-04,Bairnsdale,Bairnsdale,VIC
2022-12-04,Murray Bridge GH,Murray Bridge GH,SA
2022-12-04,Sunshine Coast,Sunshine Coast,QLD
2022-12-04,Werribee,Werribee,VIC
2022-12-05,Gatton,Gatton,QLD
2022-12-06,Hamilton,Hamilton,VIC
2022-12-06,Mackay,Mackay,QLD
2022-12-07,Balaklava,Balaklava,SA
2022-12-07,Ipswich,Ipswich,QLD
2022-12-07,Sandown-Hillside,Sandown,VIC
2022-12-08,Cairns,Cairns,QLD
2022-12-08,Warrnambool,Warrnambool,VIC
2022-12-09,Cranbourne,Cranbourne,VIC
2022-12-09,Doomben,Doomben,QLD
2022-12-09,Moe,Moe,VIC
2022-12-09,Moonee Valley,Moonee Valley,VIC
2022-12-09,Port Lincoln,Port Lincoln,SA
2022-12-10,Bundaberg,Bundaberg,QLD
2022-12-10,Eagle Farm,Eagle Farm,QLD
2022-12-10,Gold Coast,Gold Coast,QLD
2022-12-10,Morphettville,Morphettville,SA
2022-12-10,Roma,Roma,QLD
2022-12-10,Sandown-Hillside,Sandown,VIC
2022-12-10,Toowoomba,Toowoomba,QLD
2022-12-10,Townsville,Townsville,QLD
2022-12-10,Wangaratta,Wangaratta,VIC
2022-12-10,Woolamai,Woolamai,VIC
2022-12-11,Bendigo,Bendigo,VIC
2022-12-11,Bordertown,Bordertown,SA
2022-12-11,Sunshine Coast,Sunshine Coast,QLD
2022-12-12,Dalby,Dalby,QLD
2022-12-13,Kilcoy,Kilcoy,QLD
2022-12-13,Mornington,Mornington,VIC
2022-12-14,Doomben,Doomben,QLD
2022-12-14,Sandown-Lakeside,Sandown,VIC
2022-12-14,Strathalbyn,Strathalbyn,SA
2022-12-15,Ipswich,Ipswich,QLD
2022-12-15,Kyneton,Kyneton,VIC
2022-12-16,Geelong,Geelong,VIC
2022-12-16,Moonee Valley,Moonee Valley,VIC
2022-12-16,Morphettville,Morphettville,SA
2022-12-16,Rockhampton,Rockhampton,QLD
2022-12-16,Sunshine Coast,Sunshine Coast,QLD
2022-12-17,Benalla,Benalla,VIC
2022-12-17,Chinchilla,Chinchilla,QLD
2022-12-17,Colac,Colac,VIC
2022-12-17,Eagle Farm,Eagle Farm,QLD
2022-12-17,Esk,Esk,QLD
2022-12-17,Flemington,Flemington,VIC
2022-12-17,Gawler,Gawler,SA
2022-12-17,Gold Coast,Gold Coast,QLD
2022-12-17,Mackay,Mackay,QLD
2022-12-17,Toowoomba,Toowoomba,QLD
2022-12-18,Horsham,Horsham,VIC
2022-12-18,Port Lincoln,Port Lincoln,SA
2022-12-18,Sunshine Coast,Sunshine Coast,QLD
2022-12-18,Werribee,Werribee,VIC
2022-12-20,Terang,Terang,VIC
2022-12-20,Townsville,Townsville,QLD
2022-12-21,Eagle Farm,Eagle Farm,QLD
2022-12-21,Oakbank,Oakbank,SA
2022-12-21,Sandown-Lakeside,Sandown,VIC
2022-12-22,Ipswich,Ipswich,QLD
2022-12-22,Wangaratta,Wangaratta,VIC
2022-12-23,Cranbourne,Cranbourne,VIC
2022-12-23,Rockhampton,Rockhampton,QLD
2022-12-23,Sunshine Coast,Sunshine Coast,QLD
2022-12-23,Yarra Glen,Yarra Glen,VIC
2022-12-24,Beaudesert,Beaudesert,QLD
2022-12-24,Doomben,Doomben,QLD
2022-12-24,Moonee Valley,Moonee Valley,VIC
2022-12-24,Murray Bridge GH,Murray Bridge GH,SA
2022-12-24,Toowoomba,Toowoomba,QLD
2022-12-26,Calliope,Calliope,QLD
2022-12-26,Geelong,Geelong,VIC
2022-12-26,Kerang,Kerang,VIC
2022-12-26,Mareeba,Mareeba,QLD
2022-12-26,Morphettville,Morphettville,SA
2022-12-26,Nhill,Nhill,VIC
2022-12-26,Sandown-Hillside,Sandown,VIC
2022-12-26,Sunshine Coast,Sunshine Coast,QLD
2022-12-26,Warwick,Warwick,QLD
2022-12-27,Stony Creek,Stony Creek,VIC
2022-12-27,Townsville,Townsville,QLD
2022-12-28,Eagle Farm,Eagle Farm,QLD
2022-12-28,Mornington,Mornington,VIC
2022-12-28,Strathalbyn,Strathalbyn,SA
2022-12-29,Cranbourne,Cranbourne,VIC
2022-12-29,Naracoorte,Naracoorte,SA
2022-12-29,Rockhampton,Rockhampton,QLD
2022-12-30,Ipswich,Ipswich,QLD
2022-12-30,Wangaratta,Wangaratta,VIC
2022-12-31,Beaudesert,Beaudesert,QLD
2022-12-31,Doomben,Doomben,QLD
2022-12-31,Moonee Valley,Moonee Valley,VIC
2022-12-31,Morphettville,Morphettville,SA
2022-12-31,Taroom,Taroom,QLD
2022-12-31,Toowoomba,Toowoomba,QLD
2022-12-31,Warrnambool,Warrnambool,VIC
2023-01-01,Burrumbeet,Burrumbeet,VIC
2023-01-01,Flemington,Flemington,VIC
2023-01-01,Hanging Rock,Hanging Rock,VIC
2023-01-01,Merton,Merton,VIC
2023-01-01,Mornington,Mornington,VIC
2023-01-01,Sunshine Coast,Sunshine Coast,QLD
2023-01-02,Cairns,Cairns,QLD
2023-01-02,Murray Bridge GH,Murray Bridge GH,SA
2023-01-02,Terang,Terang,VIC
2023-01-03,Stony Creek,Stony Creek,VIC
2023-01-04,Eagle Farm,Eagle Farm,QLD
2023-01-04,Geelong,Geelong,VIC
2023-01-04,Mt Gambier,Mt Gambier,SA
2023-01-05,Benalla,Benalla,VIC
2023-01-05,Gatton,Gatton,QLD
2023-01-06,Cranbourne,Cranbourne,VIC
2023-01-06,Mackay,Mackay,QLD
2023-01-06,Stawell,Stawell,VIC
2023-01-06,Sunshine Coast,Sunshine Coast,QLD
2023-01-07,Bell,Bell,QLD
2023-01-07,Gawler,Gawler,SA
2023-01-07,Gold Coast,Gold Coast,QLD
2023-01-07,Ipswich,Ipswich,QLD
2023-01-07,Sandown-Hillside,Sandown,VIC
2023-01-07,Townsville,Townsville,QLD
2023-01-07,Werribee,Werribee,VIC
2023-01-08,Mornington,Mornington,VIC
2023-01-08,Sunshine Coast,Sunshine Coast,QLD
2023-01-08,Warrnambool,Warrnambool,VIC
2023-01-10,Rockhampton,Rockhampton,QLD
2023-01-10,Yarra Glen,Yarra Glen,VIC
2023-01-11,Doomben,Doomben,QLD
2023-01-11,Oakbank,Oakbank,SA
2023-01-11,Sandown-Hillside,Sandown,VIC
2023-01-11,Sandown-Lakeside,Sandown,VIC
2023-01-12,Kilcoy,Kilcoy,QLD
2023-01-12,Pakenham,Pakenham,VIC
2023-01-12,Penola,Penola,SA
2023-01-13,Cranbourne,Cranbourne,VIC
2023-01-13,Geelong,Geelong,VIC
2023-01-13,Townsville,Townsville,QLD
2023-01-14,Flemington,Flemington,VIC
2023-01-14,Gold Coast,Gold Coast,QLD
2023-01-14,Ipswich,Ipswich,QLD
2023-01-14,Kilmore,Kilmore,VIC
2023-01-14,Murray Bridge GH,Murray Bridge GH,SA
2023-01-14,Thangool,Thangool,QLD
2023-01-14,Warwick,Warwick,QLD
2023-01-15,Balnarring,Balnarring,VIC
2023-01-15,Moe,Moe,VIC
2023-01-15,Strathalbyn,Strathalbyn,SA
2023-01-15,Sunshine Coast,Sunshine Coast,QLD
2023-01-17,Hamilton,Hamilton,VIC
2023-01-18,Ipswich,Ipswich,QLD
2023-01-18,Oakbank,Oakbank,SA
2023-01-18,Sandown-Hillside,Sandown,VIC
2023-01-19,Gold Coast,Gold Coast,QLD
2023-01-19,Pakenham,Pakenham,VIC
2023-01-19,Rockhampton,Rockhampton,QLD
2023-01-19,Wangaratta,Wangaratta,VIC
2023-01-20,Dalby,Dalby,QLD
2023-01-20,Flemington,Flemington,VIC
2023-01-20,Murray Bridge GH,Murray Bridge GH,SA
2023-01-20,Sunshine Coast,Sunshine Coast,QLD
2023-01-21,Camperdown,Camperdown,VIC
2023-01-21,Doomben,Doomben,QLD
2023-01-21,Gatton,Gatton,QLD
2023-01-21,Gawler,Gawler,SA
2023-01-21,Kingscote,Kingscote,SA
2023-01-21,Moonee Valley,Moonee Valley,VIC
2023-01-21,Yea,Yea,VIC
2023-01-22,Great Western,Great Western,VIC
2023-01-22,Mornington,Mornington,VIC
2023-01-22,Mt Gambier,Mt Gambier,SA
2023-01-22,Sunshine Coast,Sunshine Coast,QLD
2023-01-24,Emerald,Emerald,QLD
2023-01-24,Moe,Moe,VIC
2023-01-25,Doomben,Doomben,QLD
2023-01-25,Pakenham,Pakenham,VIC
2023-01-25,Warrnambool,Warrnambool,VIC
2023-01-26,Balnarring,Balnarring,VIC
2023-01-26,Beaudesert,Beaudesert,QLD
2023-01-26,Hanging Rock,Hanging Rock,VIC
2023-01-26,Murray Bridge GH,Murray Bridge GH,SA
2023-01-26,Sandown-Hillside,Sandown,VIC
2023-01-27,Kilmore,Kilmore,VIC
2023-01-27,Rockhampton,Rockhampton,QLD
2023-01-28,Bundaberg,Bundaberg,QLD
2023-01-28,Gold Coast Poly,Gold Coast,QLD
2023-01-28,Moonee Valley,Moonee Valley,VIC
2023-01-28,Morphettville,Morphettville,SA
2023-01-28,Sunshine Coast,Sunshine Coast,QLD
2023-01-28,Woolamai,Woolamai,VIC
2023-01-28,Yarra Glen,Yarra Glen,VIC
2023-01-29,Benalla,Benalla,VIC
2023-01-29,Geelong,Geelong,VIC
2023-01-29,Strathalbyn,Strathalbyn,SA
2023-01-29,Townsville,Townsville,QLD
2023-01-31,Stony Creek,Stony Creek,VIC
2023-02-01,Doomben,Doomben,QLD
2023-02-01,Murray Bridge GH,Murray Bridge GH,SA
2023-02-01,Warrnambool,Warrnambool,VIC
2023-02-02,Ipswich,Ipswich,QLD
2023-02-02,Pakenham,Pakenham,VIC
2023-02-03,Moonee Valley,Moonee Valley,VIC
2023-02-03,Sunshine Coast,Sunshine Coast,QLD
2023-02-03,Townsville,Townsville,QLD
2023-02-03,Werribee,Werribee,VIC
2023-02-04,Cairns,Cairns,QLD
2023-02-04,Dalby,Dalby,QLD
2023-02-04,Eagle Farm,Eagle Farm,QLD
2023-02-04,Emerald,Emerald,QLD
2023-02-04,Kyneton,Kyneton,VIC
2023-02-04,Morphettville Parks,Morphettville,SA
2023-02-04,Sandown-Hillside,Sandown,VIC
2023-02-04,Toowoomba,Toowoomba,QLD
2023-02-05,Ararat,Ararat,VIC
2023-02-05,Bordertown,Bordertown,SA
2023-02-05,Sale,Sale,VIC
2023-02-05,Sunshine Coast,Sunshine Coast,QLD
2023-02-06,Wodonga,Wodonga,VIC
2023-02-07,Kilmore,Kilmore,VIC
2023-02-07,Warwick,Warwick,QLD
2023-02-08,Eagle Farm,Eagle Farm,QLD
2023-02-08,Gawler,Gawler,SA
2023-02-08,Moe,Moe,VIC
2023-02-09,Ipswich,Ipswich,QLD
2023-02-09,Pakenham,Pakenham,VIC
2023-02-10,Colac,Colac,VIC
2023-02-10,Moonee Valley,Moonee Valley,VIC
2023-02-10,Rockhampton,Rockhampton,QLD
2023-02-11,Doomben,Doomben,QLD
2023-02-11,Gold Coast Poly,Gold Coast,QLD
2023-02-11,Morphettville,Morphettville,SA
2023-02-11,Nanango,Nanango,QLD
2023-02-11,Sandown-Hillside,Sandown,VIC
2023-02-11,Toowoomba,Toowoomba,QLD
2023-02-11,Townsville,Townsville,QLD
2023-02-11,Yarra Glen,Yarra Glen,VIC
2023-02-12,Bendigo,Bendigo,VIC
2023-02-12,Naracoorte,Naracoorte,SA
2023-02-12,Sunshine Coast,Sunshine Coast,QLD
2023-02-12,Werribee,Werribee,VIC
2023-02-13,Stony Creek,Stony Creek,VIC
2023-02-14,Benalla,Benalla,VIC
2023-02-14,Mackay,Mackay,QLD
2023-02-15,Doomben,Doomben,QLD
2023-02-15,Sandown-Hillside,Sandown,VIC
2023-02-15,Strathalbyn,Strathalbyn,SA
2023-02-16,Ipswich,Ipswich,QLD
2023-02-16,Kingscote,Kingscote,SA
2023-02-16,Pakenham,Pakenham,VIC
2023-02-17,Moonee Valley,Moonee Valley,VIC
2023-02-17,Sunshine Coast,Sunshine Coast,QLD
2023-02-17,Wodonga,Wodonga,VIC
2023-02-18,Bendigo,Bendigo,VIC
2023-02-18,Eagle Farm,Eagle Farm,QLD
2023-02-18,Flemington,Flemington,VIC
2023-02-18,Gold Coast Poly,Gold Coast,QLD
2023-02-18,Home Hill,Home Hill,QLD
2023-02-18,Kingscote,Kingscote,SA
2023-02-18,Morphettville Parks,Morphettville,SA
2023-02-18,Rockhampton,Rockhampton,QLD
2023-02-18,Roma,Roma,QLD
2023-02-18,Toowoomba,Toowoomba,QLD
2023-02-18,Woolamai,Woolamai,VIC
2023-02-19,Ballarat,Ballarat,VIC
2023-02-19,Moe,Moe,VIC
2023-02-19,Port Lincoln,Port Lincoln,SA
2023-02-19,Sunshine Coast,Sunshine Coast,QLD
2023-02-20,Warrnambool,Warrnambool,VIC
2023-02-21,Stawell,Stawell,VIC
2023-02-21,Townsville,Townsville,QLD
2023-02-22,Eagle Farm,Eagle Farm,QLD
2023-02-22,Mt Gambier,Mt Gambier,SA
2023-02-22,Sale,Sale,VIC
2023-02-23,Gatton,Gatton,QLD
2023-02-23,Pakenham,Pakenham,VIC
2023-02-24,Kilmore,Kilmore,VIC
2023-02-24,Moonee Valley,Moonee Valley,VIC
2023-02-24,Rockhampton,Rockhampton,QLD
2023-02-25,Blackall,Blackall,QLD
2023-02-25,Doomben,Doomben,QLD
2023-02-25,Gold Coast Poly,Gold Coast,QLD
2023-02-25,Goondiwindi,Goondiwindi,QLD
2023-02-25,Mackay,Mackay,QLD
2023-02-25,Morphettville,Morphettville,SA
2023-02-25,Sandown-Hillside,Sandown,VIC
2023-02-25,Sandown-Lakeside,Sandown,VIC
2023-02-25,Toowoomba,Toowoomba,QLD
2023-02-25,Yarra Glen,Yarra Glen,VIC
2023-02-26,Ballarat,Ballarat,VIC
2023-02-26,Sunshine Coast,Sunshine Coast,QLD
2023-02-26,Terang,Terang,VIC
2023-02-27,Benalla,Benalla,VIC
2023-02-27,Thangool,Thangool,QLD
2023-02-28,Bendigo,Bendigo,VIC
2023-02-28,Townsville,Townsville,QLD
2023-03-01,Balaklava,Balaklava,SA
2023-03-01,Doomben,Doomben,QLD
2023-03-01,Sandown-Lakeside,Sandown,VIC
2023-03-02,Ipswich,Ipswich,QLD
2023-03-02,Kyneton,Kyneton,VIC
2023-03-02,Pakenham,Pakenham,VIC
2023-03-03,Ararat,Ararat,VIC
2023-03-03,Cairns,Cairns,QLD
2023-03-03,Pakenham,Pakenham,VIC
2023-03-03,Port Lincoln,Port Lincoln,SA
2023-03-03,Sunshine Coast,Sunshine Coast,QLD
2023-03-04,Bowen,Bowen,QLD
2023-03-04,Dalby,Dalby,QLD
2023-03-04,Eagle Farm,Eagle Farm,QLD
2023-03-04,Flemington,Flemington,VIC
2023-03-04,Gold Coast Poly,Gold Coast,QLD
2023-03-04,Gympie,Gympie,QLD
2023-03-04,Murray Bridge GH,Murray Bridge GH,SA
2023-03-04,Wangaratta,Wangaratta,VIC
2023-03-05,Bordertown,Bordertown,SA
2023-03-05,Colac,Colac,VIC
2023-03-05,Moonee Valley,Moonee Valley,VIC
2023-03-05,Sunshine Coast,Sunshine Coast,QLD
2023-03-07,Ballarat,Ballarat,VIC
2023-03-07,Rockhampton,Rockhampton,QLD
2023-03-08,Doomben,Doomben,QLD
2023-03-08,Sandown-Lakeside,Sandown,VIC
2023-03-08,Strathalbyn,Strathalbyn,SA
2023-03-09,Bendigo,Bendigo,VIC
2023-03-09,Pakenham,Pakenham,VIC
2023-03-09,Townsville,Townsville,QLD
2023-03-10,Ipswich,Ipswich,QLD
2023-03-10,Kilmore,Kilmore,VIC
2023-03-10,Pakenham,Pakenham,VIC
2023-03-11,Eagle Farm,Eagle Farm,QLD
2023-03-11,Edenhope,Edenhope,VIC
2023-03-11,Flemington,Flemington,VIC
2023-03-11,Gold Coast Poly,Gold Coast,QLD
2023-03-11,Innisfail,Innisfail,QLD
2023-03-11,Morphettville Parks,Morphettville,SA
2023-03-11,Toowoomba,Toowoomba,QLD
2023-03-11,Towong,Towong,VIC
2023-03-12,Balnarring,Balnarring,VIC
2023-03-12,Clare,Clare,SA
2023-03-12,Echuca,Echuca,VIC
2023-03-12,Stony Creek,Stony Creek,VIC
2023-03-12,Sunshine Coast,Sunshine Coast,QLD
2023-03-13,Mackay,Mackay,QLD
2023-03-13,Morphettville,Morphettville,SA
2023-03-13,Warrnambool,Warrnambool,VIC
2023-03-14,Ballarat,Ballarat,VIC
2023-03-14,Warwick,Warwick,QLD
2023-03-15,Eagle Farm,Eagle Farm,QLD
2023-03-15,Sandown-Hillside,Sandown,VIC
2023-03-16,Kyneton,Kyneton,VIC
2023-03-16,Pakenham,Pakenham,VIC
2023-03-16,Townsville,Townsville,QLD
2023-03-17,Ipswich,Ipswich,QLD
2023-03-17,Mt Gambier,Mt Gambier,SA
2023-03-17,Sale,Sale,VIC
2023-03-17,Terang,Terang,VIC
2023-03-18,Alexandra,Alexandra,VIC
2023-03-18,Doomben,Doomben,QLD
2023-03-18,Geelong,Geelong,VIC
2023-03-18,Gold Coast Poly,Gold Coast,QLD
2023-03-18,Moonee Valley,Moonee Valley,VIC
2023-03-18,Morphettville Parks,Morphettville,SA
2023-03-18,Mt Isa,Mt Isa,QLD
2023-03-18,Rockhampton,Rockhampton,QLD
2023-03-18,Toowoomba,Toowoomba,QLD
2023-03-19,Port Lincoln,Port Lincoln,SA
2023-03-19,Sunshine Coast,Sunshine Coast,QLD
2023-03-19,Swan Hill,Swan Hill,VIC
2023-03-19,Yarra Glen,Yarra Glen,VIC
2023-03-20,Chinchilla,Chinchilla,QLD
2023-03-21,Kilcoy,Kilcoy,QLD
2023-03-21,Mornington,Mornington,VIC
2023-03-22,Doomben,Doomben,QLD
2023-03-22,Sandown-Hillside,Sandown,VIC
2023-03-22,Strathalbyn,Strathalbyn,SA
2023-03-23,Ipswich,Ipswich,QLD
2023-03-23,Pakenham,Pakenham,VIC
2023-03-23,Warrnambool,Warrnambool,VIC
2023-03-24,Geelong,Geelong,VIC
2023-03-24,Moonee Valley,Moonee Valley,VIC
2023-03-24,Sunshine Coast,Sunshine Coast,QLD
2023-03-24,Townsville,Townsville,QLD
2023-03-25,Avoca,Avoca,VIC
2023-03-25,Cloncurry,Cloncurry,QLD
2023-03-25,Eagle Farm,Eagle Farm,QLD
2023-03-25,Flemington,Flemington,VIC
2023-03-25,Gold Coast Poly,Gold Coast,QLD
2023-03-25,Healesville,Healesville,VIC
2023-03-25,Monto,Monto,QLD
2023-03-25,Morphettville Parks,Morphettville,SA
2023-03-25,Streaky Bay,Streaky Bay,SA
2023-03-26,Bairnsdale,Bairnsdale,VIC
2023-03-26,Cairns,Cairns,QLD
2023-03-26,Donald,Donald,VIC
2023-03-26,Murray Bridge GH,Murray Bridge GH,SA
2023-03-26,Sunshine Coast,Sunshine Coast,QLD
2023-03-28,Ballarat,Ballarat,VIC
2023-03-28,Mackay,Mackay,QLD
2023-03-29,Balaklava,Balaklava,SA
2023-03-29,Eagle Farm,Eagle Farm,QLD
2023-03-29,Sandown-Hillside,Sandown,VIC
2023-03-30,Kilmore,Kilmore,VIC
2023-03-30,Pakenham,Pakenham,VIC
2023-03-31,Benalla,Benalla,VIC
2023-03-31,Cranbourne,Cranbourne,VIC
2023-03-31,Ipswich,Ipswich,QLD
2023-03-31,Mt Gambier,Mt Gambier,SA
2023-03-31,Rockhampton,Rockhampton,QLD
2023-04-01,Ararat,Ararat,VIC
2023-04-01,Bendigo,Bendigo,VIC
2023-04-01,Doomben,Doomben,QLD
2023-04-01,Gold Coast Poly,Gold Coast,QLD
2023-04-01,Home Hill,Home Hill,QLD
2023-04-01,Morphettville,Morphettville,SA
2023-04-01,Noorama,Noorama,QLD
2023-04-01,Rockhampton,Rockhampton,QLD
2023-04-01,Toowoomba,Toowoomba,QLD
2023-04-01,Woolamai,Woolamai,VIC
2023-04-02,Gawler,Gawler,SA
2023-04-02,Hamilton,Hamilton,VIC
2023-04-02,Sale,Sale,VIC
2023-04-02,Sunshine Coast,Sunshine Coast,QLD
2023-04-03,Longreach,Longreach,QLD
2023-04-04,Dalby,Dalby,QLD
2023-04-04,Kyneton,Kyneton,VIC
2023-04-05,Ballarat,Ballarat,VIC
2023-04-05,Ipswich,Ipswich,QLD
2023-04-05,Port Lincoln,Port Lincoln,SA
2023-04-06,Benalla,Benalla,VIC
2023-04-06,Pakenham,Pakenham,VIC
2023-04-06,Toowoomba,Toowoomba,QLD
2023-04-06,Townsville,Townsville,QLD
2023-04-07,Geelong,Geelong,VIC
2023-04-08,Balnarring,Balnarring,VIC
2023-04-08,Barcaldine,Barcaldine,QLD
2023-04-08,Beaudesert,Beaudesert,QLD
2023-04-08,Clare,Clare,SA
2023-04-08,Doomben,Doomben,QLD
2023-04-08,Einasleigh,Einasleigh,QLD
2023-04-08,Emerald,Emerald,QLD
2023-04-08,Flinton,Flinton,QLD
2023-04-08,Gatton,Gatton,QLD
2023-04-08,Gladstone,Gladstone,QLD
2023-04-08,Kerang,Kerang,VIC
2023-04-08,Nanango,Nanango,QLD
2023-04-08,Oakbank,Oakbank,SA
2023-04-08,Roma,Roma,QLD
2023-04-08,Sandown-Lakeside,Sandown,VIC
2023-04-08,Warracknabeal,Warracknabeal,VIC
2023-04-09,Mornington,Mornington,VIC
2023-04-09,Penola,Penola,SA
2023-04-09,Stawell,Stawell,VIC
2023-04-09,Sunshine Coast,Sunshine Coast,QLD
2023-04-10,Augathella,Augathella,QLD
2023-04-10,Ipswich,Ipswich,QLD
2023-04-10,Oakbank,Oakbank,SA
2023-04-10,Sandown-Lakeside,Sandown,VIC
2023-04-11,Bendigo,Bendigo,VIC
2023-04-11,Mackay,Mackay,QLD
2023-04-12,Doomben,Doomben,QLD
2023-04-12,Strathalbyn,Strathalbyn,SA
2023-04-13,Kilmore,Kilmore,VIC
2023-04-13,Pakenham,Pakenham,VIC
2023-04-13,Rockhampton,Rockhampton,QLD
2023-04-14,Cranbourne,Cranbourne,VIC
2023-04-14,Seymour,Seymour,VIC
2023-04-14,Sunshine Coast,Sunshine Coast,QLD
2023-04-15,Blackall,Blackall,QLD
2023-04-15,Eagle Farm,Eagle Farm,QLD
2023-04-15,Gold Coast Poly,Gold Coast,QLD
2023-04-15,Gympie,Gympie,QLD
2023-04-15,Maxwelton,Maxwelton,QLD
2023-04-15,Morphettville,Morphettville,SA
2023-04-15,Sandown-Lakeside,Sandown,VIC
2023-04-15,Thangool,Thangool,QLD
2023-04-15,Toowoomba,Toowoomba,QLD
2023-04-15,Werribee,Werribee,VIC
2023-04-16,Pakenham,Pakenham,VIC
2023-04-16,Port Lincoln,Port Lincoln,SA
2023-04-16,Sunshine Coast,Sunshine Coast,QLD
2023-04-16,Terang,Terang,VIC
2023-04-17,Swan Hill,Swan Hill,VIC
2023-04-18,Geelong,Geelong,VIC
2023-04-18,Warwick,Warwick,QLD
2023-04-19,Balaklava,Balaklava,SA
2023-04-19,Ipswich,Ipswich,QLD
2023-04-19,Sandown-Hillside,Sandown,VIC
2023-04-20,Ararat,Ararat,VIC
2023-04-20,Pakenham,Pakenham,VIC
2023-04-20,Rockhampton,Rockhampton,QLD
2023-04-21,Cairns,Cairns,QLD
2023-04-21,Cranbourne,Cranbourne,VIC
2023-04-21,Wodonga,Wodonga,VIC
2023-04-22,Dalby,Dalby,QLD
2023-04-22,Doomben,Doomben,QLD
2023-04-22,Gold Coast Poly,Gold Coast,QLD
2023-04-22,Julia Creek,Julia Creek,QLD
2023-04-22,Kyneton,Kyneton,VIC
2023-04-22,Longreach,Longreach,QLD
2023-04-22,Mornington,Mornington,VIC
2023-04-22,Morphettville,Morphettville,SA
2023-04-22,Morphettville Parks,Morphettville,SA
2023-04-22,Yeppoon,Yeppoon,QLD
2023-04-23,Echuca,Echuca,VIC
2023-04-23,Port Augusta,Port Augusta,SA
2023-04-23,Sale,Sale,VIC
2023-04-23,Sunshine Coast,Sunshine Coast,QLD
2023-04-24,Donald,Donald,VIC
2023-04-24,Townsville,Townsville,QLD
2023-04-25,Beaudesert,Beaudesert,QLD
2023-04-25,Gawler,Gawler,SA
2023-04-25,Wondai,Wondai,QLD
2023-04-26,Ballarat,Ballarat,VIC
2023-04-26,Toowoomba,Toowoomba,QLD
2023-04-27,Mackay,Mackay,QLD
2023-04-27,Pakenham,Pakenham,VIC
2023-04-27,Seymour,Seymour,VIC
2023-04-28,Cranbourne,Cranbourne,VIC
2023-04-28,Geelong,Geelong,VIC
2023-04-28,Ipswich,Ipswich,QLD
2023-04-28,Mt Garnet,Mt Garnet,QLD
2023-04-29,Barcaldine,Barcaldine,QLD
2023-04-29,Eagle Farm,Eagle Farm,QLD
2023-04-29,Gold Coast Poly,Gold Coast,QLD
2023-04-29,Goondiwindi,Goondiwindi,QLD
2023-04-29,Gregory Downs,Gregory Downs,QLD
2023-04-29,Horsham,Horsham,VIC
2023-04-29,Morphettville,Morphettville,SA
2023-04-29,Sandown-Hillside,Sandown,VIC
2023-04-29,Toowoomba,Toowoomba,QLD
2023-04-30,Bendigo,Bendigo,VIC
2023-04-30,Naracoorte,Naracoorte,SA
2023-04-30,Rockhampton,Rockhampton,QLD
2023-04-30,Werribee,Werribee,VIC
2023-05-01,Bairnsdale,Bairnsdale,VIC
2023-05-01,Ipswich,Ipswich,QLD
2023-05-02,Thangool,Thangool,QLD
2023-05-02,Warrnambool,Warrnambool,VIC
2023-05-03,Eagle Farm,Eagle Farm,QLD
2023-05-03,Murray Bridge GH,Murray Bridge GH,SA
2023-05-03,Warrnambool,Warrnambool,VIC
2023-05-04,Kilcoy,Kilcoy,QLD
2023-05-04,Warrnambool,Warrnambool,VIC
2023-05-05,Cranbourne,Cranbourne,VIC
2023-05-05,Kyneton,Kyneton,VIC
2023-05-05,Townsville,Townsville,QLD
2023-05-06,Beaudesert,Beaudesert,QLD
2023-05-06,Burrandowan,Burrandowan,QLD
2023-05-06,Gordonvale,Gordonvale,QLD
2023-05-06,Ipswich,Ipswich,QLD
2023-05-06,Longreach,Longreach,QLD
2023-05-06,Morphettville,Morphettville,SA
2023-05-06,Sandown-Hillside,Sandown,VIC
2023-05-06,Sunshine Coast,Sunshine Coast,QLD
2023-05-06,Toowoomba,Toowoomba,QLD
2023-05-06,Warracknabeal,Warracknabeal,VIC
2023-05-07,Gatton,Gatton,QLD
2023-05-07,Pakenham Synthetic,Pakenham,VIC
2023-05-07,Port Augusta,Port Augusta,SA
2023-05-09,Ballarat Synthetic,Ballarat,VIC
2023-05-09,Mackay,Mackay,QLD
2023-05-10,Balaklava,Balaklava,SA
2023-05-10,Ipswich,Ipswich,QLD
2023-05-10,Sandown-Hillside,Sandown,VIC
2023-05-11,Cairns,Cairns,QLD
2023-05-11,Kilmore,Kilmore,VIC
2023-05-11,Pakenham,Pakenham,VIC
2023-05-12,Bordertown,Bordertown,SA
2023-05-12,Cranbourne,Cranbourne,VIC
2023-05-12,Gatton,Gatton,QLD
2023-05-12,Geelong,Geelong,VIC
2023-05-13,Bowen,Bowen,QLD
2023-05-13,Bundaberg,Bundaberg,QLD
2023-05-13,Doomben,Doomben,QLD
2023-05-13,Echuca,Echuca,VIC
2023-05-13,Flemington,Flemington,VIC
2023-05-13,Gold Coast Poly,Gold Coast,QLD
2023-05-13,Morphettville,Morphettville,SA
2023-05-13,Morphettville Parks,Morphettville,SA
2023-05-13,Mt Isa,Mt Isa,QLD
2023-05-13,Quilpie,Quilpie,QLD
2023-05-13,Rockhampton,Rockhampton,QLD
2023-05-13,Toowoomba,Toowoomba,QLD
2023-05-14,Ballarat,Ballarat,VIC
2023-05-14,Casterton,Casterton,VIC
2023-05-14,Sunshine Coast,Sunshine Coast,QLD
2023-05-15,Moe,Moe,VIC
2023-05-16,Stawell,Stawell,VIC
2023-05-17,Bendigo,Bendigo,VIC
2023-05-17,Gawler,Gawler,SA
2023-05-17,Ipswich,Ipswich,QLD
2023-05-18,Kyneton,Kyneton,VIC
2023-05-18,Pakenham,Pakenham,VIC
2023-05-18,Rockhampton,Rockhampton,QLD
2023-05-19,Cranbourne,Cranbourne,VIC
2023-05-19,Geelong,Geelong,VIC
2023-05-19,Port Augusta,Port Augusta,SA
2023-05-19,Townsville,Townsville,QLD
2023-05-20,Doomben,Doomben,QLD
2023-05-20,Emerald,Emerald,QLD
2023-05-20,Flemington,Flemington,VIC
2023-05-20,Gold Coast Poly,Gold Coast,QLD
2023-05-20,Home Hill,Home Hill,QLD
2023-05-20,Mareeba,Mareeba,QLD
2023-05-20,Morphettville,Morphettville,SA
2023-05-20,Mt Isa,Mt Isa,QLD
2023-05-20,Nanango,Nanango,QLD
2023-05-20,Toowoomba,Toowoomba,QLD
2023-05-20,Warracknabeal,Warracknabeal,VIC
2023-05-21,Sandown-Lakeside,Sandown,VIC
2023-05-21,Seymour,Seymour,VIC
2023-05-21,Strathalbyn,Strathalbyn,SA
2023-05-21,Sunshine Coast,Sunshine Coast,QLD
2023-05-22,Ballarat Synthetic,Ballarat,VIC
2023-05-23,Chinchilla,Chinchilla,QLD
2023-05-23,Mornington,Mornington,VIC
2023-05-24,Balaklava,Balaklava,SA
2023-05-24,Doomben,Doomben,QLD
2023-05-24,Sale,Sale,VIC
2023-05-25,Gatton,Gatton,QLD
2023-05-25,Kilmore,Kilmore,VIC
2023-05-25,Pakenham,Pakenham,VIC
2023-05-26,Ballarat Synthetic,Ballarat,VIC
2023-05-26,Cranbourne,Cranbourne,VIC
2023-05-26,Rockhampton,Rockhampton,QLD
2023-05-26,Sunshine Coast,Sunshine Coast,QLD
2023-05-27,Cloncurry,Cloncurry,QLD
2023-05-27,Eagle Farm,Eagle Farm,QLD
2023-05-27,Gladstone,Gladstone,QLD
2023-05-27,Hawker,Hawker,SA
2023-05-27,Innisfail,Innisfail,QLD
2023-05-27,Ipswich,Ipswich,QLD
2023-05-27,Mackay,Mackay,QLD
2023-05-27,Murray Bridge GH,Murray Bridge GH,SA
2023-05-27,Sandown-Hillside,Sandown,VIC
2023-05-27,Tambo,Tambo,QLD
2023-05-27,Toowoomba,Toowoomba,QLD
2023-05-27,Wandoan,Wandoan,QLD
2023-05-27,Wodonga,Wodonga,VIC
2023-05-28,Ballarat,Ballarat,VIC
2023-05-28,Horsham,Horsham,VIC
2023-05-28,Mt Gambier,Mt Gambier,SA
2023-05-28,Sunshine Coast,Sunshine Coast,QLD
2023-05-29,Pakenham Synthetic,Pakenham,VIC
2023-05-30,Hamilton,Hamilton,VIC
2023-05-30,Townsville,Townsville,QLD
2023-05-31,Doomben,Doomben,QLD
2023-05-31,Mornington,Mornington,VIC
2023-05-31,Strathalbyn,Strathalbyn,SA
2023-06-01,Echuca,Echuca,VIC
2023-06-01,Gatton,Gatton,QLD
2023-06-02,Pakenham Synthetic,Pakenham,VIC
2023-06-02,Rockhampton,Rockhampton,QLD
2023-06-02,Sunshine Coast,Sunshine Coast,QLD
2023-06-03,Bendigo,Bendigo,VIC
2023-06-03,Bowen,Bowen,QLD
2023-06-03,Cairns,Cairns,QLD
2023-06-03,Cunnamulla,Cunnamulla,QLD
2023-06-03,Eagle Farm,Eagle Farm,QLD
2023-06-03,Flemington,Flemington,VIC
2023-06-03,Gold Coast Poly,Gold Coast,QLD
2023-06-03,Goondiwindi,Goondiwindi,QLD
2023-06-03,Longreach,Longreach,QLD
2023-06-03,Morphettville Parks,Morphettville,SA
2023-06-03,Mt Isa,Mt Isa,QLD
2023-06-03,Toowoomba,Toowoomba,QLD
2023-06-04,Bordertown,Bordertown,SA
2023-06-04,Geelong,Geelong,VIC
2023-06-04,Kilcoy,Kilcoy,QLD
2023-06-04,Moe,Moe,VIC
2023-06-05,Ballarat Synthetic,Ballarat,VIC
2023-06-05,Thangool,Thangool,QLD
2023-06-06,Dalby,Dalby,QLD
2023-06-06,Seymour,Seymour,VIC
2023-06-07,Doomben,Doomben,QLD
2023-06-07,Gawler,Gawler,SA
2023-06-07,Sale,Sale,VIC
2023-06-08,Mackay,Mackay,QLD
2023-06-08,Werribee,Werribee,VIC
2023-06-09,Gatton,Gatton,QLD
2023-06-09,Swan Hill,Swan Hill,VIC
2023-06-10,Barcaldine,Barcaldine,QLD
2023-06-10,Eagle Farm,Eagle Farm,QLD
2023-06-10,Gayndah,Gayndah,QLD
2023-06-10,Gold Coast Poly,Gold Coast,QLD
2023-06-10,Moranbah,Moranbah,QLD
2023-06-10,Morphettville Parks,Morphettville,SA
2023-06-10,Richmond,Richmond,QLD
2023-06-10,Sandown-Hillside,Sandown,VIC
2023-06-10,Swan Hill,Swan Hill,VIC
2023-06-10,Toowoomba,Toowoomba,QLD
2023-06-10,Townsville,Townsville,QLD
2023-06-11,Casterton,Casterton,VIC
2023-06-11,Port Augusta,Port Augusta,SA
2023-06-11,Sunshine Coast,Sunshine Coast,QLD
2023-06-11,Swan Hill,Swan Hill,VIC
2023-06-12,Cairns,Cairns,QLD
2023-06-12,Mornington,Mornington,VIC
2023-06-12,Murray Bridge GH,Murray Bridge GH,SA
2023-06-13,Ballarat Synthetic,Ballarat,VIC
2023-06-14,Balaklava,Balaklava,SA
2023-06-14,Doomben,Doomben,QLD
2023-06-14,Sandown-Hillside,Sandown,VIC
2023-06-15,Moe,Moe,VIC
2023-06-15,Townsville,Townsville,QLD
2023-06-16,Geelong,Geelong,VIC
2023-06-16,Sunshine Coast,Sunshine Coast,QLD
2023-06-16,Tatura,Tatura,VIC
2023-06-17,Atherton,Atherton,QLD
2023-06-17,Beaudesert,Beaudesert,QLD
2023-06-17,Donald,Donald,VIC
2023-06-17,Flemington,Flemington,VIC
2023-06-17,Gympie,Gympie,QLD
2023-06-17,Home Hill,Home Hill,QLD
2023-06-17,Ipswich,Ipswich,QLD
2023-06-17,Mt Isa,Mt Isa,QLD
2023-06-17,Murray Bridge GH,Murray Bridge GH,SA
2023-06-17,Rockhampton,Rockhampton,QLD
2023-06-17,Toowoomba,Toowoomba,QLD
2023-06-17,Warwick,Warwick,QLD
2023-06-18,Bendigo,Bendigo,VIC
2023-06-18,Mt Gambier,Mt Gambier,SA
2023-06-18,Springsure,Springsure,QLD
2023-06-18,Sunshine Coast,Sunshine Coast,QLD
2023-06-18,Warrnambool,Warrnambool,VIC
2023-06-19,Ballarat Synthetic,Ballarat,VIC
2023-06-20,Pakenham Synthetic,Pakenham,VIC
2023-06-21,Doomben,Doomben,QLD
2023-06-21,Gawler,Gawler,SA
2023-06-21,Mornington,Mornington,VIC
2023-06-22,Mackay,Mackay,QLD
2023-06-22,Sale,Sale,VIC
2023-06-23,Ballarat Synthetic,Ballarat,VIC
2023-06-23,Rockhampton,Rockhampton,QLD
2023-06-24,Alpha,Alpha,QLD
2023-06-24,Ballarat Synthetic,Ballarat,VIC
2023-06-24,Caulfield,Caulfield,VIC
2023-06-24,Eagle Farm,Eagle Farm,QLD
2023-06-24,Gatton,Gatton,QLD
2023-06-24,Gladstone,Gladstone,QLD
2023-06-24,Gold Coast Poly,Gold Coast,QLD
2023-06-24,Morphettville,Morphettville,SA
2023-06-24,Roma,Roma,QLD
2023-06-25,Port Augusta,Port Augusta,SA
2023-06-25,Rockhampton,Rockhampton,QLD
2023-06-25,Werribee,Werribee,VIC
2023-06-26,Pakenham Synthetic,Pakenham,VIC
2023-06-27,Ballarat Synthetic,Ballarat,VIC
2023-06-27,Townsville,Townsville,QLD
2023-06-28,Balaklava,Balaklava,SA
2023-06-28,Eagle Farm,Eagle Farm,QLD
2023-06-28,Sandown-Lakeside,Sandown,VIC
2023-06-29,Bendigo,Bendigo,VIC
2023-06-29,Kilcoy,Kilcoy,QLD
2023-06-30,Geelong,Geelong,VIC
2023-06-30,Ipswich,Ipswich,QLD
2023-06-30,Oak Park,Oak Park,QLD
2023-06-30,Warracknabeal,Warracknabeal,VIC
2023-07-01,Clermont,Clermont,QLD
2023-07-01,Cunnamulla,Cunnamulla,QLD
2023-07-01,Echuca,Echuca,VIC
2023-07-01,Flemington,Flemington,VIC
2023-07-01,Gold Coast Poly,Gold Coast,QLD
2023-07-01,Mackay,Mackay,QLD
2023-07-01,Murray Bridge GH,Murray Bridge GH,SA
2023-07-01,Oak Park,Oak Park,QLD
2023-07-01,Stamford,Stamford,QLD
2023-07-01,Sunshine Coast,Sunshine Coast,QLD
2023-07-01,Toowoomba,Toowoomba,QLD
2023-07-01,Wondai,Wondai,QLD
2023-07-02,Kilcoy,Kilcoy,QLD
2023-07-02,Port Augusta,Port Augusta,SA
2023-07-02,Warrnambool,Warrnambool,VIC
2023-07-03,Pakenham Synthetic,Pakenham,VIC
2023-07-04,Ballarat Synthetic,Ballarat,VIC
2023-07-04,Townsville,Townsville,QLD
2023-07-05,Eagle Farm,Eagle Farm,QLD
2023-07-05,Mt Gambier,Mt Gambier,SA
2023-07-05,Sandown-Lakeside,Sandown,VIC
2023-07-06,Moe,Moe,VIC
2023-07-06,Warwick,Warwick,QLD
2023-07-07,Rockhampton,Rockhampton,QLD
2023-07-07,Sale,Sale,VIC
2023-07-08,Barcaldine,Barcaldine,QLD
2023-07-08,Beaudesert,Beaudesert,QLD
2023-07-08,Caulfield,Caulfield,VIC
2023-07-08,Doomben,Doomben,QLD
2023-07-08,Esk,Esk,QLD
2023-07-08,Gawler,Gawler,SA
2023-07-08,Home Hill,Home Hill,QLD
2023-07-08,Pakenham Synthetic,Pakenham,VIC
2023-07-08,Rockhampton,Rockhampton,QLD
2023-07-08,Roma,Roma,QLD
2023-07-08,Toowoomba,Toowoomba,QLD
2023-07-09,Pakenham Synthetic,Pakenham,VIC
2023-07-09,Port Augusta,Port Augusta,SA
2023-07-09,Sunshine Coast,Sunshine Coast,QLD
2023-07-09,Werribee,Werribee,VIC
2023-07-10,Donald,Donald,VIC
2023-07-10,Mt Isa,Mt Isa,QLD
2023-07-11,Ballarat Synthetic,Ballarat,VIC
2023-07-11,Cairns,Cairns,QLD
2023-07-12,Doomben,Doomben,QLD
2023-07-12,Murray Bridge GH,Murray Bridge GH,SA
2023-07-12,Sandown-Lakeside,Sandown,VIC
2023-07-13,Bendigo,Bendigo,VIC
2023-07-13,Ipswich,Ipswich,QLD
2023-07-14,Bairnsdale,Bairnsdale,VIC
2023-07-14,Geelong,Geelong,VIC
2023-07-14,Mackay,Mackay,QLD
2023-07-15,Blackall,Blackall,QLD
2023-07-15,Eagle Farm,Eagle Farm,QLD
2023-07-15,Flemington,Flemington,VIC
2023-07-15,Gold Coast Poly,Gold Coast,QLD
2023-07-15,Goondiwindi,Goondiwindi,QLD
2023-07-15,Gympie,Gympie,QLD
2023-07-15,Hughenden,Hughenden,QLD
2023-07-15,Ingham,Ingham,QLD
2023-07-15,Morphettville Parks,Morphettville,SA
2023-07-15,Murtoa,Murtoa,VIC
2023-07-15,Thangool,Thangool,QLD
2023-07-15,Toowoomba,Toowoomba,QLD
2023-07-16,Bordertown,Bordertown,SA
2023-07-16,Pakenham,Pakenham,VIC
2023-07-16,Sunshine Coast,Sunshine Coast,QLD
2023-07-17,Echuca,Echuca,VIC
2023-07-18,Ballarat Synthetic,Ballarat,VIC
2023-07-19,Gawler,Gawler,SA
2023-07-19,Ipswich,Ipswich,QLD
2023-07-19,Sandown-Hillside,Sandown,VIC
2023-07-20,Pakenham Synthetic,Pakenham,VIC
2023-07-20,Rockhampton,Rockhampton,QLD
2023-07-21,Donald,Donald,VIC
2023-07-21,Townsville,Townsville,QLD
2023-07-22,Caulfield,Caulfield,VIC
2023-07-22,Doomben,Doomben,QLD
2023-07-22,Emerald,Emerald,QLD
2023-07-22,Gold Coast Poly,Gold Coast,QLD
2023-07-22,Mackay,Mackay,QLD
2023-07-22,Morphettville Parks,Morphettville,SA
2023-07-22,Pakenham Synthetic,Pakenham,VIC
2023-07-22,Roma,Roma,QLD
2023-07-22,Toowoomba,Toowoomba,QLD
2023-07-23,Casterton,Casterton,VIC
2023-07-23,Longreach,Longreach,QLD
2023-07-23,Port Augusta,Port Augusta,SA
2023-07-23,Sale,Sale,VIC
2023-07-23,Sunshine Coast,Sunshine Coast,QLD
2023-07-24,Ballarat Synthetic,Ballarat,VIC
2023-07-25,Gatton,Gatton,QLD
2023-07-25,Pakenham Synthetic,Pakenham,VIC
2023-07-26,Doomben,Doomben,QLD
2023-07-26,Murray Bridge GH,Murray Bridge GH,SA
2023-07-26,Sandown-Hillside,Sandown,VIC
2023-07-27,Bendigo,Bendigo,VIC
2023-07-27,Cairns,Cairns,QLD
2023-07-28,Echuca,Echuca,VIC
2023-07-28,Ipswich,Ipswich,QLD
2023-07-29,Bundaberg,Bundaberg,QLD
2023-07-29,Eagle Farm,Eagle Farm,QLD
2023-07-29,Gold Coast Poly,Gold Coast,QLD
2023-07-29,Moonee Valley,Moonee Valley,VIC
2023-07-29,Morphettville,Morphettville,SA
2023-07-29,St George,St George,QLD
2023-07-29,Toowoomba,Toowoomba,QLD
2023-07-29,Townsville,Townsville,QLD
2023-07-29,Warracknabeal,Warracknabeal,VIC
2023-07-30,Bairnsdale,Bairnsdale,VIC
2023-07-30,Balaklava,Balaklava,SA
2023-07-30,Geelong,Geelong,VIC
2023-07-30,Sunshine Coast,Sunshine Coast,QLD
2023-07-31,Warrnambool,Warrnambool,VIC
2023-08-01,Pakenham Synthetic,Pakenham,VIC
2023-08-02,Doomben,Doomben,QLD
2023-08-02,Gawler,Gawler,SA
2023-08-02,Sale,Sale,VIC
2023-08-03,Rockhampton,Rockhampton,QLD
2023-08-03,Swan Hill,Swan Hill,VIC
2023-08-04,Ballarat Synthetic,Ballarat,VIC
2023-08-04,Ipswich,Ipswich,QLD
2023-08-05,Casterton,Casterton,VIC
2023-08-05,Eagle Farm,Eagle Farm,QLD
2023-08-05,Flemington,Flemington,VIC
2023-08-05,Gold Coast Poly,Gold Coast,QLD
2023-08-05,Morven,Morven,QLD
2023-08-05,Murray Bridge GH,Murray Bridge GH,SA
2023-08-05,Muttaburra,Muttaburra,QLD
2023-08-05,Nanango,Nanango,QLD
2023-08-05,Richmond,Richmond,QLD
2023-08-05,Roxby Downs,Roxby Downs,SA
2023-08-05,Toowoomba,Toowoomba,QLD
2023-08-06,Sandown-Lakeside,Sandown,VIC
2023-08-06,Sunshine Coast,Sunshine Coast,QLD
2023-08-06,Townsville,Townsville,QLD
2023-08-06,Wodonga,Wodonga,VIC
2023-08-07,Ballarat Synthetic,Ballarat,VIC
2023-08-07,Dalby,Dalby,QLD
2023-08-08,Mackay,Mackay,QLD
2023-08-08,Pakenham Synthetic,Pakenham,VIC
2023-08-09,Balaklava,Balaklava,SA
2023-08-09,Doomben,Doomben,QLD
2023-08-09,Sandown-Hillside,Sandown,VIC
2023-08-10,Bendigo,Bendigo,VIC
2023-08-10,Mt Isa,Mt Isa,QLD
2023-08-11,Geelong,Geelong,VIC
2023-08-11,Ipswich,Ipswich,QLD
2023-08-12,Beaudesert,Beaudesert,QLD
2023-08-12,Cunnamulla,Cunnamulla,QLD
2023-08-12,Eagle Farm,Eagle Farm,QLD
2023-08-12,Gladstone,Gladstone,QLD
2023-08-12,Kerang,Kerang,VIC
2023-08-12,Longreach,Longreach,QLD
2023-08-12,Moonee Valley,Moonee Valley,VIC
2023-08-12,Morphettville,Morphettville,SA
2023-08-12,Prairie,Prairie,QLD
2023-08-12,Toowoomba,Toowoomba,QLD
2023-08-12,Townsville,Townsville,QLD
2023-08-13,Bordertown,Bordertown,SA
2023-08-13,Coleraine,Coleraine,VIC
2023-08-13,Moe,Moe,VIC
2023-08-13,Sunshine Coast,Sunshine Coast,QLD
2023-08-14,Pakenham Synthetic,Pakenham,VIC
2023-08-15,Ballarat Synthetic,Ballarat,VIC
2023-08-15,Gatton,Gatton,QLD
2023-08-16,Eagle Farm,Eagle Farm,QLD
2023-08-16,Gawler,Gawler,SA
2023-08-16,Sandown-Lakeside,Sandown,VIC
2023-08-17,Rockhampton,Rockhampton,QLD
2023-08-17,Seymour,Seymour,VIC
2023-08-18,Ballarat Synthetic,Ballarat,VIC
2023-08-18,Ipswich,Ipswich,QLD
2023-08-19,Aramac,Aramac,QLD
2023-08-19,Bowen,Bowen,QLD
2023-08-19,Cairns,Cairns,QLD
2023-08-19,Caulfield,Caulfield,VIC
2023-08-19,Dingo,Dingo,QLD
2023-08-19,Doomben,Doomben,QLD
2023-08-19,Gold Coast Poly,Gold Coast,QLD
2023-08-19,Gympie,Gympie,QLD
2023-08-19,Morphettville Parks,Morphettville,SA
2023-08-19,Quorn,Quorn,SA
2023-08-19,Roma,Roma,QLD
2023-08-19,Toowoomba,Toowoomba,QLD
2023-08-19,Warracknabeal,Warracknabeal,VIC
2023-08-20,Cranbourne,Cranbourne,VIC
2023-08-20,Sunshine Coast,Sunshine Coast,QLD
2023-08-20,Warrnambool,Warrnambool,VIC
2023-08-21,Bairnsdale,Bairnsdale,VIC
2023-08-22,Ballarat Synthetic,Ballarat,VIC
2023-08-22,Mackay,Mackay,QLD
2023-08-23,Murray Bridge GH,Murray Bridge GH,SA
2023-08-23,Sandown-Lakeside,Sandown,VIC
2023-08-23,Sunshine Coast,Sunshine Coast,QLD
2023-08-24,Pakenham Synthetic,Pakenham,VIC
2023-08-24,Warwick,Warwick,QLD
2023-08-25,Beaudesert,Beaudesert,QLD
2023-08-25,Geelong,Geelong,VIC
2023-08-26,Betoota,Betoota,QLD
2023-08-26,Bluff,Bluff,QLD
2023-08-26,Cairns,Cairns,QLD
2023-08-26,Doomben,Doomben,QLD
2023-08-26,Echuca,Echuca,VIC
2023-08-26,Kilcoy,Kilcoy,QLD
2023-08-26,Moonee Valley,Moonee Valley,VIC
2023-08-26,Morphettville Parks,Morphettville,SA
2023-08-26,Mt Isa,Mt Isa,QLD
2023-08-26,Toowoomba,Toowoomba,QLD
2023-08-26,Warra,Warra,QLD
2023-08-27,Ballarat,Ballarat,VIC
2023-08-27,Moe,Moe,VIC
2023-08-27,Port Augusta,Port Augusta,SA
2023-08-27,Sunshine Coast,Sunshine Coast,QLD
2023-08-28,Pakenham Synthetic,Pakenham,VIC
2023-08-29,Donald,Donald,VIC
2023-08-29,Rockhampton,Rockhampton,QLD
2023-08-30,Doomben,Doomben,QLD
2023-08-30,Mt Gambier,Mt Gambier,SA
2023-08-30,Sandown-Hillside,Sandown,VIC
2023-08-31,Bendigo,Bendigo,VIC
2023-08-31,Home Hill,Home Hill,QLD
2023-09-01,Birdsville,Birdsville,QLD
2023-09-01,Pakenham Synthetic,Pakenham,VIC
2023-09-01,Seymour,Seymour,VIC
2023-09-02,Birdsville,Birdsville,QLD
2023-09-02,Bundaberg,Bundaberg,QLD
2023-09-02,Caulfield,Caulfield,VIC
2023-09-02,Eagle Farm,Eagle Farm,QLD
2023-09-02,Emerald,Emerald,QLD
2023-09-02,Gold Coast Poly,Gold Coast,QLD
2023-09-02,Morphettville,Morphettville,SA
2023-09-02,Surat,Surat,QLD
2023-09-02,Toowoomba,Toowoomba,QLD
2023-09-02,Warracknabeal,Warracknabeal,VIC
2023-09-03,Bairnsdale,Bairnsdale,VIC
2023-09-03,Geelong,Geelong,VIC
2023-09-03,Sunshine Coast,Sunshine Coast,QLD
2023-09-04,Warrnambool,Warrnambool,VIC
2023-09-05,Benalla,Benalla,VIC
2023-09-05,Mackay,Mackay,QLD
2023-09-06,Eagle Farm,Eagle Farm,QLD
2023-09-06,Murray Bridge GH,Murray Bridge GH,SA
2023-09-06,Sandown-Hillside,Sandown,VIC
2023-09-07,Cranbourne,Cranbourne,VIC
2023-09-07,Gatton,Gatton,QLD
2023-09-08,Cairns,Cairns,QLD
2023-09-09,Bedourie,Bedourie,QLD
2023-09-09,Cairns,Cairns,QLD
2023-09-09,Cloncurry,Cloncurry,QLD
2023-09-09,Doomben,Doomben,QLD
2023-09-09,Gold Coast Poly,Gold Coast,QLD
2023-09-09,Goondiwindi,Goondiwindi,QLD
2023-09-09,Horsham,Horsham,VIC
2023-09-09,Moonee Valley,Moonee Valley,VIC
2023-09-09,Morphettville Parks,Morphettville,SA
2023-09-09,Morven,Morven,QLD
2023-09-09,Nanango,Nanango,QLD
2023-09-09,Thangool,Thangool,QLD
2023-09-09,Toowoomba,Toowoomba,QLD
2023-09-10,Casterton,Casterton,VIC
2023-09-10,Sale,Sale,VIC
2023-09-10,Sunshine Coast,Sunshine Coast,QLD
2023-09-11,Wodonga,Wodonga,VIC
2023-09-12,Moe,Moe,VIC
2023-09-12,Yeppoon,Yeppoon,QLD
2023-09-13,Balaklava,Balaklava,SA
2023-09-13,Doomben,Doomben,QLD
2023-09-13,Sandown-Hillside,Sandown,VIC
2023-09-14,Bendigo,Bendigo,VIC
2023-09-14,Bowen,Bowen,QLD
2023-09-15,Geelong,Geelong,VIC
2023-09-15,Ipswich,Ipswich,QLD
2023-09-16,Atherton,Atherton,QLD
2023-09-16,Dalby,Dalby,QLD
2023-09-16,Eagle Farm,Eagle Farm,QLD
2023-09-16,Echuca,Echuca,VIC
2023-09-16,Flemington,Flemington,VIC
2023-09-16,Gold Coast Poly,Gold Coast,QLD
2023-09-16,Gympie,Gympie,QLD
2023-09-16,Morphettville,Morphettville,SA
2023-09-16,Springsure,Springsure,QLD
2023-09-16,Winton,Winton,QLD
2023-09-17,Donald,Donald,VIC
2023-09-17,Seymour,Seymour,VIC
2023-09-17,Sunshine Coast,Sunshine Coast,QLD
2023-09-18,Hamilton,Hamilton,VIC
2023-09-19,Mackay,Mackay,QLD
2023-09-19,Swan Hill,Swan Hill,VIC
2023-09-20,Doomben,Doomben,QLD
2023-09-20,Sandown-Hillside,Sandown,VIC
2023-09-20,Strathalbyn,Strathalbyn,SA
2023-09-21,Cranbourne,Cranbourne,VIC
2023-09-22,Ballarat,Ballarat,VIC
2023-09-22,Ewan,Ewan,QLD
2023-09-22,Twin Hills,Twin Hills,QLD
2023-09-23,Caulfield,Caulfield,VIC
2023-09-23,Ewan,Ewan,QLD
2023-09-23,Gold Coast Poly,Gold Coast,QLD
2023-09-23,Longreach,Longreach,QLD
2023-09-23,Morphettville Parks,Morphettville,SA
2023-09-23,Mt Isa,Mt Isa,QLD
2023-09-23,Taroom,Taroom,QLD
2023-09-23,Tatura,Tatura,VIC
2023-09-23,Toowoomba,Toowoomba,QLD
2023-09-23,Twin Hills,Twin Hills,QLD
2023-09-24,Flemington,Flemington,VIC
2023-09-24,Mt Gambier,Mt Gambier,SA
2023-09-24,Sunshine Coast,Sunshine Coast,QLD
2023-09-25,Ipswich,Ipswich,QLD
2023-09-25,Warrnambool,Warrnambool,VIC
2023-09-26,Horsham,Horsham,VIC
2023-09-26,Yeppoon,Yeppoon,QLD
2023-09-27,Bendigo,Bendigo,VIC
2023-09-27,Ipswich,Ipswich,QLD
2023-09-27,Murray Bridge GH,Murray Bridge GH,SA
2023-09-28,Kilcoy,Kilcoy,QLD
2023-09-28,Moe,Moe,VIC
2023-09-29,Benalla,Benalla,VIC
2023-09-29,Coleraine,Coleraine,VIC
2023-09-29,Moonee Valley,Moonee Valley,VIC
2023-09-29,Sunshine Coast,Sunshine Coast,QLD
2023-09-29,Townsville,Townsville,QLD
2023-09-30,Eagle Farm,Eagle Farm,QLD
2023-09-30,Gladstone,Gladstone,QLD
2023-09-30,Gold Coast Poly,Gold Coast,QLD
2023-09-30,Innisfail,Innisfail,QLD
2023-09-30,Jamestown,Jamestown,SA
2023-09-30,Jundah,Jundah,QLD
2023-09-30,Mackay,Mackay,QLD
2023-09-30,Mornington,Mornington,VIC
2023-09-30,Morphettville Parks,Morphettville,SA
2023-09-30,Toowoomba,Toowoomba,QLD
2023-10-01,Charleville,Charleville,QLD
2023-10-01,Port Lincoln,Port Lincoln,SA
2023-10-01,Sandown-Hillside,Sandown,VIC
2023-10-01,Sunshine Coast,Sunshine Coast,QLD
2023-10-02,Ballarat,Ballarat,VIC
2023-10-02,Beaudesert,Beaudesert,QLD
2023-10-02,Gawler,Gawler,SA
2023-10-03,Emerald,Emerald,QLD
2023-10-03,Swan Hill,Swan Hill,VIC
2023-10-04,Ipswich,Ipswich,QLD
2023-10-04,Pakenham Synthetic,Pakenham,VIC
2023-10-05,Gatton,Gatton,QLD
2023-10-05,Geelong,Geelong,VIC
2023-10-06,Moonee Valley,Moonee Valley,VIC
2023-10-06,Morphettville Parks,Morphettville,SA
2023-10-06,Sunshine Coast,Sunshine Coast,QLD
2023-10-06,Townsville,Townsville,QLD
2023-10-06,Warrnambool,Warrnambool,VIC
2023-10-07,Dalby,Dalby,QLD
2023-10-07,Eagle Farm,Eagle Farm,QLD
2023-10-07,Eidsvold,Eidsvold,QLD
2023-10-07,Flemington,Flemington,VIC
2023-10-07,Gold Coast Poly,Gold Coast,QLD
2023-10-07,Gordonvale,Gordonvale,QLD
2023-10-07,Murray Bridge GH,Murray Bridge GH,SA
2023-10-07,Murtoa,Murtoa,VIC
2023-10-07,Richmond,Richmond,QLD
2023-10-07,Toowoomba,Toowoomba,QLD
2023-10-08,Bendigo,Bendigo,VIC
2023-10-08,Rockhampton,Rockhampton,QLD
2023-10-08,Strathalbyn,Strathalbyn,SA
2023-10-09,Pakenham Synthetic,Pakenham,VIC
2023-10-10,Barcaldine,Barcaldine,QLD
2023-10-10,Mornington,Mornington,VIC
2023-10-11,Ipswich,Ipswich,QLD
2023-10-11,Mt Gambier,Mt Gambier,SA
2023-10-11,Sale,Sale,VIC
2023-10-12,Home Hill,Home Hill,QLD
2023-10-12,Kyneton,Kyneton,VIC
2023-10-13,Cloncurry,Cloncurry,QLD
2023-10-13,Cranbourne,Cranbourne,VIC
2023-10-13,Sunshine Coast,Sunshine Coast,QLD
2023-10-14,Atherton,Atherton,QLD
2023-10-14,Bowen,Bowen,QLD
2023-10-14,Caulfield,Caulfield,VIC
2023-10-14,Cunnamulla,Cunnamulla,QLD
2023-10-14,Eagle Farm,Eagle Farm,QLD
2023-10-14,Emerald,Emerald,QLD
2023-10-14,Gayndah,Gayndah,QLD
2023-10-14,Gold Coast Poly,Gold Coast,QLD
2023-10-14,Hamilton,Hamilton,VIC
2023-10-14,Manangatang,Manangatang,VIC
2023-10-14,Morphettville,Morphettville,SA
2023-10-14,Warwick,Warwick,QLD
2023-10-15,Ballarat,Ballarat,VIC
2023-10-15,Port Lincoln,Port Lincoln,SA
2023-10-15,Sunshine Coast,Sunshine Coast,QLD
2023-10-16,Swan Hill,Swan Hill,VIC
2023-10-17,Kilmore,Kilmore,VIC
2023-10-18,Balaklava,Balaklava,SA
2023-10-18,Caulfield,Caulfield,VIC
2023-10-18,Ipswich,Ipswich,QLD
2023-10-19,Echuca,Echuca,VIC
2023-10-19,Mackay,Mackay,QLD
2023-10-20,Gatton,Gatton,QLD
2023-10-20,Moe,Moe,VIC
2023-10-20,Pakenham,Pakenham,VIC
2023-10-21,Avoca,Avoca,VIC
2023-10-21,Bendigo,Bendigo,VIC
2023-10-21,Blackall,Blackall,QLD
2023-10-21,Caulfield,Caulfield,VIC
2023-10-21,Eagle Farm,Eagle Farm,QLD
2023-10-21,Gold Coast Poly,Gold Coast,QLD
2023-10-21,Innisfail,Innisfail,QLD
2023-10-21,Mitchell,Mitchell,QLD
2023-10-21,Morphettville,Morphettville,SA
2023-10-21,Rockhampton,Rockhampton,QLD
2023-10-21,Stanthorpe,Stanthorpe,QLD
2023-10-21,Toowoomba,Toowoomba,QLD
2023-10-21,Wodonga,Wodonga,VIC
2023-10-21,Wondai,Wondai,QLD
2023-10-22,Horsham,Horsham,VIC
2023-10-22,Naracoorte,Naracoorte,SA
2023-10-22,Seymour,Seymour,VIC
2023-10-22,Sunshine Coast,Sunshine Coast,QLD
2023-10-23,Warrnambool,Warrnambool,VIC
2023-10-24,Kyneton,Kyneton,VIC
2023-10-24,Mt Isa,Mt Isa,QLD
2023-10-25,Eagle Farm,Eagle Farm,QLD
2023-10-25,Geelong,Geelong,VIC
2023-10-25,Port Lincoln,Port Lincoln,SA
2023-10-26,Ballarat,Ballarat,VIC
2023-10-26,Ipswich,Ipswich,QLD
2023-10-27,Gawler,Gawler,SA
2023-10-27,Moonee Valley,Moonee Valley,VIC
2023-10-27,Mornington,Mornington,VIC
2023-10-27,Rockhampton,Rockhampton,QLD
2023-10-27,Sunshine Coast,Sunshine Coast,QLD
2023-10-28,Charleville,Charleville,QLD
2023-10-28,Clifton,Clifton,QLD
2023-10-28,Doomben,Doomben,QLD
2023-10-28,Gladstone,Gladstone,QLD
2023-10-28,Gold Coast Poly,Gold Coast,QLD
2023-10-28,Gympie,Gympie,QLD
2023-10-28,Moonee Valley,Moonee Valley,VIC
2023-10-28,Morphettville Parks,Morphettville,SA
2023-10-28,Richmond,Richmond,QLD
2023-10-28,St Arnaud,St Arnaud,VIC
2023-10-28,Toowoomba,Toowoomba,QLD
2023-10-28,Townsville,Townsville,QLD
2023-10-28,Yarra Glen,Yarra Glen,VIC
2023-10-29,Bordertown,Bordertown,SA
2023-10-29,Sale,Sale,VIC
2023-10-29,Sunshine Coast,Sunshine Coast,QLD
2023-10-30,Benalla,Benalla,VIC
2023-10-31,Kilcoy,Kilcoy,QLD
2023-10-31,Swan Hill,Swan Hill,VIC
2023-11-01,Bendigo,Bendigo,VIC
2023-11-01,Doomben,Doomben,QLD
2023-11-01,Strathalbyn,Strathalbyn,SA
2023-11-02,Gatton,Gatton,QLD
2023-11-02,Warrnambool,Warrnambool,VIC
2023-11-03,Ipswich,Ipswich,QLD
2023-11-03,Kilmore,Kilmore,VIC
2023-11-03,Moonee Valley,Moonee Valley,VIC
2023-11-04,Barcaldine,Barcaldine,QLD
2023-11-04,Beaudesert,Beaudesert,QLD
2023-11-04,Dalby,Dalby,QLD
2023-11-04,Eagle Farm,Eagle Farm,QLD
2023-11-04,Flemington,Flemington,VIC
2023-11-04,Gold Coast Poly,Gold Coast,QLD
2023-11-04,Healesville,Healesville,VIC
2023-11-04,Home Hill,Home Hill,QLD
2023-11-04,Morphettville,Morphettville,SA
2023-11-04,Mortlake,Mortlake,VIC
2023-11-04,Pakenham,Pakenham,VIC
2023-11-04,Toowoomba,Toowoomba,QLD
2023-11-04,Wycheproof,Wycheproof,VIC
2023-11-04,Yeppoon,Yeppoon,QLD
2023-11-05,Innisfail,Innisfail,QLD
2023-11-05,Mornington,Mornington,VIC
2023-11-06,Ballarat,Ballarat,VIC
2023-11-07,Bairnsdale,Bairnsdale,VIC
2023-11-07,Bundaberg,Bundaberg,QLD
2023-11-07,Charleville,Charleville,QLD
2023-11-07,Eagle Farm,Eagle Farm,QLD
2023-11-07,Echuca,Echuca,VIC
2023-11-07,Flemington,Flemington,VIC
2023-11-07,Gladstone,Gladstone,QLD
2023-11-07,Gold Coast Poly,Gold Coast,QLD
2023-11-07,Kumbia,Kumbia,QLD
2023-11-07,Mackay,Mackay,QLD
2023-11-07,Mildura,Mildura,VIC
2023-11-07,Morphettville,Morphettville,SA
2023-11-07,Mt Isa,Mt Isa,QLD
2023-11-07,Sunshine Coast,Sunshine Coast,QLD
2023-11-07,Townsville,Townsville,QLD
2023-11-08,Kyneton,Kyneton,VIC
2023-11-08,Port Lincoln,Port Lincoln,SA
2023-11-09,Flemington,Flemington,VIC
2023-11-09,Gawler,Gawler,SA
2023-11-09,Ipswich,Ipswich,QLD
2023-11-10,Hamilton,Hamilton,VIC
2023-11-10,Pakenham,Pakenham,VIC
2023-11-10,Rockhampton,Rockhampton,QLD
2023-11-10,Sunshine Coast,Sunshine Coast,QLD
2023-11-11,Balnarring,Balnarring,VIC
2023-11-11,Chinchilla,Chinchilla,QLD
2023-11-11,Cooktown,Cooktown,QLD
2023-11-11,Doomben,Doomben,QLD
2023-11-11,Esk,Esk,QLD
2023-11-11,Flemington,Flemington,VIC
2023-11-11,Geelong,Geelong,VIC
2023-11-11,Gold Coast Poly,Gold Coast,QLD
2023-11-11,Ilfracombe,Ilfracombe,QLD
2023-11-11,Moranbah,Moranbah,QLD
2023-11-11,Morphettville Parks,Morphettville,SA
2023-11-11,Toowoomba,Toowoomba,QLD
2023-11-12,Ararat,Ararat,VIC
2023-11-12,Benalla,Benalla,VIC
2023-11-12,Gatton,Gatton,QLD
2023-11-12,Naracoorte,Naracoorte,SA
2023-11-14,Mornington,Mornington,VIC
2023-11-15,Ballarat,Ballarat,VIC
2023-11-15,Doomben,Doomben,QLD
2023-11-15,Murray Bridge GH,Murray Bridge GH,SA
2023-11-16,Mackay,Mackay,QLD
2023-11-16,Pakenham,Pakenham,VIC
2023-11-17,Ipswich,Ipswich,QLD
2023-11-17,Moonee Valley,Moonee Valley,VIC
2023-11-17,Seymour,Seymour,VIC
2023-11-18,Caulfield,Caulfield,VIC
2023-11-18,Clermont,Clermont,QLD
2023-11-18,Dunkeld,Dunkeld,VIC
2023-11-18,Gold Coast Poly,Gold Coast,QLD
2023-11-18,Morphettville,Morphettville,SA
2023-11-18,Mt Perry,Mt Perry,QLD
2023-11-18,Roma,Roma,QLD
2023-11-18,Sunshine Coast,Sunshine Coast,QLD
2023-11-18,Toowoomba,Toowoomba,QLD
2023-11-19,Donald,Donald,VIC
2023-11-19,Geelong,Geelong,VIC
2023-11-19,Strathalbyn,Strathalbyn,SA
2023-11-19,Townsville,Townsville,QLD
2023-11-20,Kyneton,Kyneton,VIC
2023-11-21,Bairnsdale,Bairnsdale,VIC
2023-11-21,Rockhampton,Rockhampton,QLD
2023-11-22,Balaklava,Balaklava,SA
2023-11-22,Doomben,Doomben,QLD
2023-11-22,Sandown-Lakeside,Sandown,VIC
2023-11-23,Ballarat,Ballarat,VIC
2023-11-23,Ipswich,Ipswich,QLD
2023-11-24,Cairns,Cairns,QLD
2023-11-24,Moonee Valley,Moonee Valley,VIC
2023-11-24,Sunshine Coast,Sunshine Coast,QLD
2023-11-24,Wodonga,Wodonga,VIC
2023-11-25,Atherton,Atherton,QLD
2023-11-25,Cranbourne,Cranbourne,VIC
2023-11-25,Doomben,Doomben,QLD
2023-11-25,Gold Coast Poly,Gold Coast,QLD
2023-11-25,Gympie,Gympie,QLD
2023-11-25,Healesville,Healesville,VIC
2023-11-25,Kilcoy,Kilcoy,QLD
2023-11-25,Morphettville,Morphettville,SA
2023-11-25,Penshurst,Penshurst,VIC
2023-11-25,Pentland,Pentland,QLD
2023-11-25,Tatura,Tatura,VIC
2023-11-25,Toowoomba,Toowoomba,QLD
2023-11-26,Kilmore,Kilmore,VIC
2023-11-26,Port Lincoln,Port Lincoln,SA
2023-11-26,Sunshine Coast,Sunshine Coast,QLD
2023-11-26,Swan Hill,Swan Hill,VIC
2023-11-27,Ararat,Ararat,VIC
2023-11-27,Warwick,Warwick,QLD
2023-11-28,Bendigo,Bendigo,VIC
2023-11-28,Home Hill,Home Hill,QLD
2023-11-29,Gawler,Gawler,SA
2023-11-29,Ipswich,Ipswich,QLD
2023-11-29,Sandown-Lakeside,Sandown,VIC
2023-11-30,Geelong,Geelong,VIC
2023-11-30,Mackay,Mackay,QLD
2023-12-01,Moonee Valley,Moonee Valley,VIC
2023-12-01,Mornington,Mornington,VIC
2023-12-01,Mt Gambier,Mt Gambier,SA
2023-12-01,Rockhampton,Rockhampton,QLD
2023-12-01,Sunshine Coast,Sunshine Coast,QLD
2023-12-02,Caulfield,Caulfield,VIC
2023-12-02,Ceduna,Ceduna,SA
2023-12-02,Doomben,Doomben,QLD
2023-12-02,Gold Coast Poly,Gold Coast,QLD
2023-12-02,Goondiwindi,Goondiwindi,QLD
2023-12-02,Morphettville Parks,Morphettville,SA
2023-12-02,Mt Isa,Mt Isa,QLD
2023-12-02,Thangool,Thangool,QLD
2023-12-02,Toowoomba,Toowoomba,QLD
2023-12-02,Townsville,Townsville,QLD
2023-12-02,Woolamai,Woolamai,VIC
2023-12-02,Yarra Glen,Yarra Glen,VIC
2023-12-03,Clare,Clare,SA
2023-12-03,Sunshine Coast,Sunshine Coast,QLD
2023-12-03,Warrnambool,Warrnambool,VIC
2023-12-05,Bendigo,Bendigo,VIC
2023-12-06,Balaklava,Balaklava,SA
2023-12-06,Ipswich,Ipswich,QLD
2023-12-06,Sandown-Lakeside,Sandown,VIC
2023-12-07,Cairns,Cairns,QLD
2023-12-07,Geelong,Geelong,VIC
2023-12-08,Doomben,Doomben,QLD
2023-12-08,Moe,Moe,VIC
2023-12-08,Moonee Valley,Moonee Valley,VIC
2023-12-08,Port Lincoln,Port Lincoln,SA
2023-12-09,Atherton,Atherton,QLD
2023-12-09,Ballarat,Ballarat,VIC
2023-12-09,Balnarring,Balnarring,VIC
2023-12-09,Bundaberg,Bundaberg,QLD
2023-12-09,Eagle Farm,Eagle Farm,QLD
2023-12-09,Gold Coast,Gold Coast,QLD
2023-12-09,Home Hill,Home Hill,QLD
2023-12-09,Morphettville,Morphettville,SA
2023-12-09,Rockhampton,Rockhampton,QLD
2023-12-09,Roma,Roma,QLD
2023-12-09,Stawell,Stawell,VIC
2023-12-09,Texas,Texas,QLD
2023-12-09,Toowoomba,Toowoomba,QLD
2023-12-09,Wangaratta,Wangaratta,VIC
2023-12-10,Emerald,Emerald,QLD
2023-12-10,Murray Bridge GH,Murray Bridge GH,SA
2023-12-10,Sunshine Coast,Sunshine Coast,QLD
2023-12-10,Traralgon,Traralgon,VIC
2023-12-10,Werribee,Werribee,VIC
2023-12-10,Yea,Yea,VIC
2023-12-12,Hamilton,Hamilton,VIC
2023-12-12,Kilcoy,Kilcoy,QLD
2023-12-13,Eagle Farm,Eagle Farm,QLD
2023-12-13,Mornington,Mornington,VIC
2023-12-13,Strathalbyn,Strathalbyn,SA
2023-12-14,Bowen,Bowen,QLD
2023-12-14,Caulfield,Caulfield,VIC
2023-12-14,Kyneton,Kyneton,VIC
2023-12-15,Cranbourne,Cranbourne,VIC
2023-12-15,Geelong,Geelong,VIC
2023-12-15,Ipswich,Ipswich,QLD
2023-12-15,Moonee Valley,Moonee Valley,VIC
2023-12-15,Morphettville,Morphettville,SA
2023-12-15,Sunshine Coast,Sunshine Coast,QLD
2023-12-16,Benalla,Benalla,VIC
2023-12-16,Caulfield,Caulfield,VIC
2023-12-16,Chinchilla,Chinchilla,QLD
2023-12-16,Colac,Colac,VIC
2023-12-16,Eagle Farm,Eagle Farm,QLD
2023-12-16,Gawler,Gawler,SA
2023-12-16,Gladstone,Gladstone,QLD
2023-12-16,Gold Coast Poly,Gold Coast,QLD
2023-12-16,Healesville,Healesville,VIC
2023-12-16,Mackay,Mackay,QLD
2023-12-16,Nanango,Nanango,QLD
2023-12-16,Toowoomba,Toowoomba,QLD
2023-12-17,Bendigo,Bendigo,VIC
2023-12-17,Bordertown,Bordertown,SA
2023-12-17,Horsham,Horsham,VIC
2023-12-17,Sunshine Coast,Sunshine Coast,QLD
2023-12-19,Terang,Terang,VIC
2023-12-20,Doomben,Doomben,QLD
2023-12-20,Flemington,Flemington,VIC
2023-12-20,Port Lincoln,Port Lincoln,SA
2023-12-21,Rockhampton,Rockhampton,QLD
2023-12-21,Seymour,Seymour,VIC
2023-12-22,Cranbourne,Cranbourne,VIC
2023-12-22,Mackay,Mackay,QLD
2023-12-22,Oakbank,Oakbank,SA
2023-12-22,Yarra Glen,Yarra Glen,VIC
2023-12-23,Cairns,Cairns,QLD
2023-12-23,Eagle Farm,Eagle Farm,QLD
2023-12-23,Gold Coast Poly,Gold Coast,QLD
2023-12-23,Moonee Valley,Moonee Valley,VIC
2023-12-23,Murray Bridge GH,Murray Bridge GH,SA
2023-12-23,Sale,Sale,VIC
2023-12-24,Ipswich,Ipswich,QLD
2023-12-26,Caulfield,Caulfield,VIC
2023-12-26,Morphettville,Morphettville,SA
2023-12-26,Nhill,Nhill,VIC
2023-12-26,Sunshine Coast,Sunshine Coast,QLD
2023-12-27,Eagle Farm,Eagle Farm,QLD
2023-12-27,Geelong,Geelong,VIC
2023-12-27,Strathalbyn,Strathalbyn,SA
2023-12-28,Home Hill,Home Hill,QLD
2023-12-28,Mornington,Mornington,VIC
2023-12-28,Warwick,Warwick,QLD
2023-12-29,Cranbourne,Cranbourne,VIC
2023-12-29,Ipswich,Ipswich,QLD
2023-12-29,Naracoorte,Naracoorte,SA
2023-12-29,Stony Creek,Stony Creek,VIC
2023-12-30,Beaudesert,Beaudesert,QLD
2023-12-30,Cairns,Cairns,QLD
2023-12-30,Doomben,Doomben,QLD
2023-12-30,Kerang,Kerang,VIC
2023-12-30,Moonee Valley,Moonee Valley,VIC
2023-12-30,Morphettville,Morphettville,SA
2023-12-30,Taroom,Taroom,QLD
2023-12-30,Woolamai,Woolamai,VIC
2023-12-31,Echuca,Echuca,VIC
2023-12-31,Port Lincoln,Port Lincoln,SA
2023-12-31,Sunshine Coast,Sunshine Coast,QLD
2023-12-31,Warrnambool,Warrnambool,VIC
2024-01-01,Burrumbeet,Burrumbeet,VIC
2024-01-01,Flemington,Flemington,VIC
2024-01-01,Hanging Rock,Hanging Rock,VIC
2024-01-01,Merton,Merton,VIC
2024-01-01,Mornington,Mornington,VIC
2024-01-01,Murray Bridge GH,Murray Bridge GH,SA
2024-01-01,Terang,Terang,VIC
2024-01-01,Toowoomba,Toowoomba,QLD
2024-01-02,Rockhampton,Rockhampton,QLD
2024-01-02,Wangaratta,Wangaratta,VIC
2024-01-03,Eagle Farm,Eagle Farm,QLD
2024-01-03,Mt Gambier,Mt Gambier,SA
2024-01-03,Seymour,Seymour,VIC
2024-01-04,Gatton,Gatton,QLD
2024-01-04,Yarra Glen,Yarra Glen,VIC
2024-01-05,Cranbourne,Cranbourne,VIC
2024-01-05,Mackay,Mackay,QLD
2024-01-05,Stawell,Stawell,VIC
2024-01-05,Sunshine Coast,Sunshine Coast,QLD
2024-01-06,Bell,Bell,QLD
2024-01-06,Gawler,Gawler,SA
2024-01-06,Geelong,Geelong,VIC
2024-01-06,Gold Coast,Gold Coast,QLD
2024-01-06,Healesville,Healesville,VIC
2024-01-06,Ipswich,Ipswich,QLD
2024-01-06,Werribee,Werribee,VIC
2024-01-07,Mansfield,Mansfield,VIC
2024-01-07,Mornington,Mornington,VIC
2024-01-07,Sunshine Coast,Sunshine Coast,QLD
2024-01-07,Warrnambool,Warrnambool,VIC
2024-01-08,Cairns,Cairns,QLD
2024-01-09,Rockhampton,Rockhampton,QLD
2024-01-10,Doomben,Doomben,QLD
2024-01-10,Port Lincoln,Port Lincoln,SA
2024-01-10,Sandown-Hillside,Sandown,VIC
2024-01-11,Kilcoy,Kilcoy,QLD
2024-01-11,Pakenham,Pakenham,VIC
2024-01-11,Penola,Penola,SA
2024-01-11,Wangaratta,Wangaratta,VIC
2024-01-12,Cranbourne,Cranbourne,VIC
2024-01-12,Hamilton,Hamilton,VIC
2024-01-13,Atherton,Atherton,QLD
2024-01-13,Flemington,Flemington,VIC
2024-01-13,Gold Coast,Gold Coast,QLD
2024-01-13,Ipswich,Ipswich,QLD
2024-01-13,Murray Bridge GH,Murray Bridge GH,SA
2024-01-13,Thangool,Thangool,QLD
2024-01-14,Balnarring,Balnarring,VIC
2024-01-14,Sale,Sale,VIC
2024-01-14,Strathalbyn,Strathalbyn,SA
2024-01-14,Sunshine Coast,Sunshine Coast,QLD
2024-01-14,Wodonga,Wodonga,VIC
2024-01-15,Warwick,Warwick,QLD
2024-01-16,Cranbourne,Cranbourne,VIC
2024-01-16,Rockhampton,Rockhampton,QLD
2024-01-17,Doomben,Doomben,QLD
2024-01-17,Home Hill,Home Hill,QLD
2024-01-17,Oakbank,Oakbank,SA
2024-01-17,Sandown-Hillside,Sandown,VIC
2024-01-18,Ipswich,Ipswich,QLD
2024-01-18,Pakenham,Pakenham,VIC
2024-01-18,Stony Creek,Stony Creek,VIC
2024-01-19,Cranbourne,Cranbourne,VIC
2024-01-19,Geelong,Geelong,VIC
2024-01-19,Sunshine Coast,Sunshine Coast,QLD
2024-01-20,Camperdown,Camperdown,VIC
2024-01-20,Eagle Farm,Eagle Farm,QLD
2024-01-20,Flemington,Flemington,VIC
2024-01-20,Gawler,Gawler,SA
2024-01-20,Kingscote,Kingscote,SA
2024-01-20,Townsville,Townsville,QLD
2024-01-20,Yea,Yea,VIC
2024-01-21,Benalla,Benalla,VIC
2024-01-21,Ipswich,Ipswich,QLD
2024-01-21,Mornington,Mornington,VIC
2024-01-21,Mt Gambier,Mt Gambier,SA
2024-01-23,Gatton,Gatton,QLD
2024-01-23,Sale,Sale,VIC
2024-01-24,Doomben,Doomben,QLD
2024-01-24,Port Lincoln,Port Lincoln,SA
2024-01-24,Sandown-Hillside,Sandown,VIC
2024-01-25,Pakenham,Pakenham,VIC
2024-01-25,Rockhampton,Rockhampton,QLD
2024-01-25,Wangaratta,Wangaratta,VIC
2024-01-26,Balnarring,Balnarring,VIC
2024-01-26,Caulfield,Caulfield,VIC
2024-01-26,Eagle Farm,Eagle Farm,QLD
2024-01-26,Hanging Rock,Hanging Rock,VIC
2024-01-26,Kilcoy,Kilcoy,QLD
2024-01-26,Murray Bridge GH,Murray Bridge GH,SA
2024-01-27,Healesville,Healesville,VIC
2024-01-27,Ipswich,Ipswich,QLD
2024-01-27,Moe,Moe,VIC
2024-01-27,Moonee Valley,Moonee Valley,VIC
2024-01-27,Morphettville,Morphettville,SA
2024-01-27,Sunshine Coast,Sunshine Coast,QLD
2024-01-28,Cairns,Cairns,QLD
2024-01-28,Geelong,Geelong,VIC
2024-01-28,Great Western,Great Western,VIC
2024-01-28,Strathalbyn,Strathalbyn,SA
2024-01-29,Warwick,Warwick,QLD
2024-01-30,Benalla,Benalla,VIC
2024-01-31,Mt Gambier,Mt Gambier,SA
2024-01-31,Sandown-Lakeside,Sandown,VIC
2024-02-01,Doomben,Doomben,QLD
2024-02-01,Pakenham,Pakenham,VIC
2024-02-01,Townsville,Townsville,QLD
2024-02-02,Bowen,Bowen,QLD
2024-02-02,Moonee Valley,Moonee Valley,VIC
2024-02-02,Strathalbyn,Strathalbyn,SA
2024-02-02,Sunshine Coast,Sunshine Coast,QLD
2024-02-02,Werribee,Werribee,VIC
2024-02-03,Bundaberg,Bundaberg,QLD
2024-02-03,Caulfield,Caulfield,VIC
2024-02-03,Ceduna,Ceduna,SA
2024-02-03,Dalby,Dalby,QLD
2024-02-03,Eagle Farm,Eagle Farm,QLD
2024-02-03,Emerald,Emerald,QLD
2024-02-03,Innisfail,Innisfail,QLD
2024-02-03,Ipswich,Ipswich,QLD
2024-02-03,Kyneton,Kyneton,VIC
2024-02-03,Morphettville Parks,Morphettville,SA
2024-02-03,Toowoomba,Toowoomba,QLD
2024-02-03,Woolamai,Woolamai,VIC
2024-02-04,Sale,Sale,VIC
2024-02-04,Sunshine Coast,Sunshine Coast,QLD
2024-02-05,Balaklava,Balaklava,SA
2024-02-06,Stony Creek,Stony Creek,VIC
2024-02-07,Eagle Farm,Eagle Farm,QLD
2024-02-07,Murray Bridge GH,Murray Bridge GH,SA
2024-02-07,Sandown-Lakeside,Sandown,VIC
2024-02-08,Gatton,Gatton,QLD
2024-02-08,Pakenham,Pakenham,VIC
2024-02-08,Wodonga,Wodonga,VIC
2024-02-09,Colac,Colac,VIC
2024-02-09,Moonee Valley,Moonee Valley,VIC
2024-02-09,Oakbank,Oakbank,SA
2024-02-09,Rockhampton,Rockhampton,QLD
2024-02-10,Buchan,Buchan,VIC
2024-02-10,Caulfield,Caulfield,VIC
2024-02-10,Doomben,Doomben,QLD
2024-02-10,Gold Coast Poly,Gold Coast,QLD
2024-02-10,Miles,Miles,QLD
2024-02-10,Morphettville,Morphettville,SA
2024-02-10,Nanango,Nanango,QLD
2024-02-10,Toowoomba,Toowoomba,QLD
2024-02-10,Townsville,Townsville,QLD
2024-02-10,Yarra Glen,Yarra Glen,VIC
2024-02-11,Ararat,Ararat,VIC
2024-02-11,Bendigo,Bendigo,VIC
2024-02-11,Naracoorte,Naracoorte,SA
2024-02-11,Sunshine Coast,Sunshine Coast,QLD
2024-02-13,Kyneton,Kyneton,VIC
2024-02-14,Ballarat,Ballarat,VIC
2024-02-14,Doomben,Doomben,QLD
2024-02-14,Gawler,Gawler,SA
2024-02-15,Hamilton,Hamilton,VIC
2024-02-15,Ipswich,Ipswich,QLD
2024-02-15,Kingscote,Kingscote,SA
2024-02-15,Pakenham,Pakenham,VIC
2024-02-16,Moonee Valley,Moonee Valley,VIC
2024-02-16,Rockhampton,Rockhampton,QLD
2024-02-17,Bendigo,Bendigo,VIC
2024-02-17,Eagle Farm,Eagle Farm,QLD
2024-02-17,Flemington,Flemington,VIC
2024-02-17,Gold Coast Poly,Gold Coast,QLD
2024-02-17,Kingscote,Kingscote,SA
2024-02-17,Morphettville Parks,Morphettville,SA
2024-02-17,Roma,Roma,QLD
2024-02-17,Toowoomba,Toowoomba,QLD
2024-02-17,Woolamai,Woolamai,VIC
2024-02-18,Port Lincoln,Port Lincoln,SA
2024-02-18,Sale,Sale,VIC
2024-02-18,Sunshine Coast,Sunshine Coast,QLD
2024-02-18,Werribee,Werribee,VIC
2024-02-19,Cairns,Cairns,QLD
2024-02-20,Benalla,Benalla,VIC
2024-02-20,Townsville,Townsville,QLD
2024-02-21,Ipswich,Ipswich,QLD
2024-02-21,Sandown-Lakeside,Sandown,VIC
2024-02-21,Strathalbyn,Strathalbyn,SA
2024-02-22,Kilcoy,Kilcoy,QLD
2024-02-22,Pakenham,Pakenham,VIC
2024-02-22,Stawell,Stawell,VIC
2024-02-23,Bordertown,Bordertown,SA
2024-02-23,Mackay,Mackay,QLD
2024-02-23,Moonee Valley,Moonee Valley,VIC
2024-02-23,Terang,Terang,VIC
2024-02-24,Caulfield,Caulfield,VIC
2024-02-24,Dederang,Dederang,VIC
2024-02-24,Doomben,Doomben,QLD
2024-02-24,Gold Coast Poly,Gold Coast,QLD
2024-02-24,Goondiwindi,Goondiwindi,QLD
2024-02-24,Morphettville,Morphettville,SA
2024-02-24,Mt Isa,Mt Isa,QLD
2024-02-24,Rockhampton,Rockhampton,QLD
2024-02-24,Toowoomba,Toowoomba,QLD
2024-02-24,Yarra Glen,Yarra Glen,VIC
2024-02-25,Ballarat,Ballarat,VIC
2024-02-25,Lock,Lock,SA
2024-02-25,Moe,Moe,VIC
2024-02-25,Sunshine Coast,Sunshine Coast,QLD
2024-02-26,Thangool,Thangool,QLD
2024-02-27,Bendigo,Bendigo,VIC
2024-02-27,Townsville,Townsville,QLD
2024-02-28,Doomben,Doomben,QLD
2024-02-28,Gawler,Gawler,SA
2024-02-28,Sandown-Hillside,Sandown,VIC
2024-02-29,Ararat,Ararat,VIC
2024-02-29,Ipswich,Ipswich,QLD
2024-02-29,Pakenham,Pakenham,VIC
2024-03-01,Moonee Valley,Moonee Valley,VIC
2024-03-01,Port Lincoln,Port Lincoln,SA
2024-03-01,Sunshine Coast Poly,Sunshine Coast,QLD
2024-03-02,Charleville,Charleville,QLD
2024-03-02,Dalby,Dalby,QLD
2024-03-02,Eagle Farm,Eagle Farm,QLD
2024-03-02,Flemington,Flemington,VIC
2024-03-02,Gold Coast Poly,Gold Coast,QLD
2024-03-02,Gympie,Gympie,QLD
2024-03-02,Morphettville Parks,Morphettville,SA
2024-03-02,Wangaratta,Wangaratta,VIC
2024-03-03,Cairns,Cairns,QLD
2024-03-03,Colac,Colac,VIC
2024-03-03,Pakenham,Pakenham,VIC
2024-03-05,Terang,Terang,VIC
2024-03-05,Townsville,Townsville,QLD
2024-03-06,Balaklava,Balaklava,SA
2024-03-06,Doomben,Doomben,QLD
2024-03-06,Sandown-Hillside,Sandown,VIC
2024-03-07,Kyneton,Kyneton,VIC
2024-03-07,Pakenham,Pakenham,VIC
2024-03-08,Ararat,Ararat,VIC
2024-03-08,Moonee Valley,Moonee Valley,VIC
2024-03-08,Rockhampton,Rockhampton,QLD
2024-03-09,Barcaldine,Barcaldine,QLD
2024-03-09,Esk,Esk,QLD
2024-03-09,Flemington,Flemington,VIC
2024-03-09,Gold Coast,Gold Coast,QLD
2024-03-09,Hinnomunjie,Hinnomunjie,VIC
2024-03-09,Ipswich,Ipswich,QLD
2024-03-09,Mt Isa,Mt Isa,QLD
2024-03-09,Murray Bridge GH,Murray Bridge GH,SA
2024-03-09,Springsure,Springsure,QLD
2024-03-09,Toowoomba,Toowoomba,QLD
2024-03-09,Towong,Towong,VIC
2024-03-09,Wandoan,Wandoan,QLD
2024-03-10,Balnarring,Balnarring,VIC
2024-03-10,Clare,Clare,SA
2024-03-10,Echuca,Echuca,VIC
2024-03-10,Stony Creek,Stony Creek,VIC
2024-03-10,Sunshine Coast Poly,Sunshine Coast,QLD
2024-03-11,Ballarat,Ballarat,VIC
2024-03-11,Mackay,Mackay,QLD
2024-03-11,Morphettville,Morphettville,SA
2024-03-12,Warrnambool,Warrnambool,VIC
2024-03-12,Warwick,Warwick,QLD
2024-03-13,Caulfield Heath,Caulfield,VIC
2024-03-13,Doomben,Doomben,QLD
2024-03-13,Strathalbyn,Strathalbyn,SA
2024-03-14,Beaudesert,Beaudesert,QLD
2024-03-14,Bendigo,Bendigo,VIC
2024-03-14,Cranbourne,Cranbourne,VIC
2024-03-15,Pakenham,Pakenham,VIC
2024-03-15,Sunshine Coast Poly,Sunshine Coast,QLD
2024-03-15,Townsville,Townsville,QLD
2024-03-16,Alexandra,Alexandra,VIC
2024-03-16,Bundaberg,Bundaberg,QLD
2024-03-16,Caulfield,Caulfield,VIC
2024-03-16,Eagle Farm,Eagle Farm,QLD
2024-03-16,Geelong,Geelong,VIC
2024-03-16,Ipswich,Ipswich,QLD
2024-03-16,Longreach,Longreach,QLD
2024-03-16,Mareeba,Mareeba,QLD
2024-03-16,Morphettville Parks,Morphettville,SA
2024-03-16,Rockhampton,Rockhampton,QLD
2024-03-16,Toowoomba,Toowoomba,QLD
2024-03-17,Gatton,Gatton,QLD
2024-03-17,Port Lincoln,Port Lincoln,SA
2024-03-17,Swan Hill,Swan Hill,VIC
2024-03-17,Yarra Glen,Yarra Glen,VIC
2024-03-18,Chinchilla,Chinchilla,QLD
2024-03-19,Kyneton,Kyneton,VIC
2024-03-19,Mackay,Mackay,QLD
2024-03-20,Doomben,Doomben,QLD
2024-03-20,Murray Bridge GH,Murray Bridge GH,SA
2024-03-20,Sandown-Hillside,Sandown,VIC
2024-03-21,Bendigo,Bendigo,VIC
2024-03-21,Ipswich,Ipswich,QLD
2024-03-21,Pakenham,Pakenham,VIC
2024-03-22,Cranbourne,Cranbourne,VIC
2024-03-22,Horsham,Horsham,VIC
2024-03-22,Mt Gambier,Mt Gambier,SA
2024-03-22,Townsville,Townsville,QLD
2024-03-23,Benalla,Benalla,VIC
2024-03-23,Eagle Farm,Eagle Farm,QLD
2024-03-23,Gold Coast Poly,Gold Coast,QLD
2024-03-23,Healesville,Healesville,VIC
2024-03-23,Monto,Monto,QLD
2024-03-23,Moonee Valley,Moonee Valley,VIC
2024-03-23,Moranbah,Moranbah,QLD
2024-03-23,Morphettville,Morphettville,SA
2024-03-23,Roma,Roma,QLD
2024-03-23,Streaky Bay,Streaky Bay,SA
2024-03-23,Toowoomba,Toowoomba,QLD
2024-03-24,Bairnsdale,Bairnsdale,VIC
2024-03-24,Ballarat,Ballarat,VIC
2024-03-24,Sunshine Coast Poly,Sunshine Coast,QLD
2024-03-25,Warrnambool,Warrnambool,VIC
2024-03-26,Geelong,Geelong,VIC
2024-03-26,Rockhampton,Rockhampton,QLD
2024-03-27,Sandown-Lakeside,Sandown,VIC
2024-03-27,Strathalbyn,Strathalbyn,SA
2024-03-28,Pakenham,Pakenham,VIC
2024-03-28,Toowoomba,Toowoomba,QLD
2024-03-29,Cranbourne,Cranbourne,VIC
2024-03-29,Yarra Glen,Yarra Glen,VIC
2024-03-30,Balnarring,Balnarring,VIC
2024-03-30,Barcaldine,Barcaldine,QLD
2024-03-30,Beaudesert,Beaudesert,QLD
2024-03-30,Clare,Clare,SA
2024-03-30,Emerald,Emerald,QLD
2024-03-30,Flemington,Flemington,VIC
2024-03-30,Gatton,Gatton,QLD
2024-03-30,Gladstone,Gladstone,QLD
2024-03-30,Kerang,Kerang,VIC
2024-03-30,Nanango,Nanango,QLD
2024-03-30,Oakbank,Oakbank,SA
2024-03-30,Roma,Roma,QLD
2024-03-30,Warracknabeal,Warracknabeal,VIC
2024-03-31,Mornington,Mornington,VIC
2024-03-31,Penola,Penola,SA
2024-03-31,Stawell,Stawell,VIC
2024-03-31,Sunshine Coast Poly,Sunshine Coast,QLD
2024-03-31,Swifts Creek,Swifts Creek,VIC
2024-04-01,Ipswich,Ipswich,QLD
2024-04-01,Oakbank,Oakbank,SA
2024-04-01,Sandown-Lakeside,Sandown,VIC
2024-04-02,Geelong,Geelong,VIC
2024-04-02,Warwick,Warwick,QLD
2024-04-03,Ballarat,Ballarat,VIC
2024-04-03,Doomben,Doomben,QLD
2024-04-03,Murray Bridge GH,Murray Bridge GH,SA
2024-04-04,Pakenham,Pakenham,VIC
2024-04-04,Townsville,Townsville,QLD
2024-04-05,Benalla,Benalla,VIC
2024-04-05,Cranbourne,Cranbourne,VIC
2024-04-05,Rockhampton,Rockhampton,QLD
2024-04-06,Avoca,Avoca,VIC
2024-04-06,Caulfield,Caulfield,VIC
2024-04-06,Eagle Farm,Eagle Farm,QLD
2024-04-06,Gold Coast Poly,Gold Coast,QLD
2024-04-06,Home Hill,Home Hill,QLD
2024-04-06,Morphettville Parks,Morphettville,SA
2024-04-06,Toowoomba,Toowoomba,QLD
2024-04-06,Winton,Winton,QLD
2024-04-07,Ballarat,Ballarat,VIC
2024-04-07,Ballarat Synthetic,Ballarat,VIC
2024-04-07,Mareeba,Mareeba,QLD
2024-04-07,Port Lincoln,Port Lincoln,SA
2024-04-07,Sunshine Coast Poly,Sunshine Coast,QLD
2024-04-08,Echuca,Echuca,VIC
2024-04-08,Longreach,Longreach,QLD
2024-04-09,Cairns,Cairns,QLD
2024-04-09,Swan Hill,Swan Hill,VIC
2024-04-10,Gawler,Gawler,SA
2024-04-10,Ipswich,Ipswich,QLD
2024-04-10,Sandown-Lakeside,Sandown,VIC
2024-04-11,Kyneton,Kyneton,VIC
2024-04-11,Pakenham,Pakenham,VIC
2024-04-12,Cranbourne,Cranbourne,VIC
2024-04-12,Geelong,Geelong,VIC
2024-04-12,Mackay,Mackay,QLD
2024-04-12,Sunshine Coast,Sunshine Coast,QLD
2024-04-13,Ararat,Ararat,VIC
2024-04-13,Bendigo,Bendigo,VIC
2024-04-13,Cunnamulla,Cunnamulla,QLD
2024-04-13,Doomben,Doomben,QLD
2024-04-13,Gold Coast Poly,Gold Coast,QLD
2024-04-13,Goondiwindi,Goondiwindi,QLD
2024-04-13,Gympie,Gympie,QLD
2024-04-13,Maxwelton,Maxwelton,QLD
2024-04-13,Morphettville,Morphettville,SA
2024-04-13,Thangool,Thangool,QLD
2024-04-13,Toowoomba,Toowoomba,QLD
2024-04-13,Townsville,Townsville,QLD
2024-04-14,Bordertown,Bordertown,SA
2024-04-14,Pakenham,Pakenham,VIC
2024-04-14,Sunshine Coast,Sunshine Coast,QLD
2024-04-14,Terang,Terang,VIC
2024-04-15,Bairnsdale,Bairnsdale,VIC
2024-04-16,Ballarat,Ballarat,VIC
2024-04-17,Balaklava,Balaklava,SA
2024-04-17,Caulfield Heath,Caulfield,VIC
2024-04-17,Doomben,Doomben,QLD
2024-04-18,Pakenham,Pakenham,VIC
2024-04-18,Rockhampton,Rockhampton,QLD
2024-04-19,Cranbourne,Cranbourne,VIC
2024-04-19,Gatton,Gatton,QLD
2024-04-19,Seymour,Seymour,VIC
2024-04-20,Blackall,Blackall,QLD
2024-04-20,Bowen,Bowen,QLD
2024-04-20,Dalby,Dalby,QLD
2024-04-20,Eagle Farm,Eagle Farm,QLD
2024-04-20,Gold Coast Poly,Gold Coast,QLD
2024-04-20,Horsham,Horsham,VIC
2024-04-20,Julia Creek,Julia Creek,QLD
2024-04-20,Mornington,Mornington,VIC
2024-04-20,Morphettville Parks,Morphettville,SA
2024-04-21,Bendigo,Bendigo,VIC
2024-04-21,Port Augusta,Port Augusta,SA
2024-04-22,Cairns,Cairns,QLD
2024-04-22,Mildura,Mildura,VIC
2024-04-23,Sale,Sale,VIC
2024-04-23,Townsville,Townsville,QLD
2024-04-24,Geelong,Geelong,VIC
2024-04-24,Ipswich,Ipswich,QLD
2024-04-24,Mt Gambier,Mt Gambier,SA
2024-04-25,Beaudesert,Beaudesert,QLD
2024-04-25,Cunnamulla,Cunnamulla,QLD
2024-04-25,Flemington,Flemington,VIC
2024-04-25,Gawler,Gawler,SA
2024-04-25,Moe,Moe,VIC
2024-04-25,Sunshine Coast,Sunshine Coast,QLD
2024-04-25,Wondai,Wondai,QLD
2024-04-26,Ararat,Ararat,VIC
2024-04-26,Cranbourne,Cranbourne,VIC
2024-04-26,Mackay,Mackay,QLD
2024-04-27,Caulfield,Caulfield,VIC
2024-04-27,Eagle Farm,Eagle Farm,QLD
2024-04-27,Gold Coast Poly,Gold Coast,QLD
2024-04-27,Kyneton,Kyneton,VIC
2024-04-27,Longreach,Longreach,QLD
2024-04-27,Mareeba,Mareeba,QLD
2024-04-27,Morphettville,Morphettville,SA
2024-04-27,Mt Isa,Mt Isa,QLD
2024-04-27,Toowoomba,Toowoomba,QLD
2024-04-28,Ballarat,Ballarat,VIC
2024-04-28,Rockhampton,Rockhampton,QLD
2024-04-28,Strathalbyn,Strathalbyn,SA
2024-04-29,Mornington,Mornington,VIC
2024-04-29,Thangool,Thangool,QLD
2024-04-30,Townsville,Townsville,QLD
2024-04-30,Warrnambool,Warrnambool,VIC
2024-05-01,Ipswich,Ipswich,QLD
2024-05-01,Murray Bridge GH,Murray Bridge GH,SA
2024-05-01,Warrnambool,Warrnambool,VIC
2024-05-02,Rockhampton,Rockhampton,QLD
2024-05-02,Warrnambool,Warrnambool,VIC
2024-05-03,Cranbourne,Cranbourne,VIC
2024-05-03,Echuca,Echuca,VIC
2024-05-03,Kilcoy,Kilcoy,QLD
2024-05-03,Mt Garnet,Mt Garnet,QLD
2024-05-04,Barcaldine,Barcaldine,QLD
2024-05-04,Beaudesert,Beaudesert,QLD
2024-05-04,Caulfield,Caulfield,VIC
2024-05-04,Eagle Farm,Eagle Farm,QLD
2024-05-04,Gregory Downs,Gregory Downs,QLD
2024-05-04,Horsham,Horsham,VIC
2024-05-04,Jandowae,Jandowae,QLD
2024-05-04,Morphettville,Morphettville,SA
2024-05-04,Mt Garnet,Mt Garnet,QLD
2024-05-04,Toowoomba,Toowoomba,QLD
2024-05-05,Port Augusta,Port Augusta,SA
2024-05-05,Sale,Sale,VIC
2024-05-05,Sunshine Coast Poly,Sunshine Coast,QLD
2024-05-06,Ipswich,Ipswich,QLD
2024-05-06,Werribee,Werribee,VIC
2024-05-07,Benalla,Benalla,VIC
2024-05-07,Townsville,Townsville,QLD
2024-05-08,Eagle Farm,Eagle Farm,QLD
2024-05-08,Gawler,Gawler,SA
2024-05-08,Sandown-Hillside,Sandown,VIC
2024-05-09,Kyneton,Kyneton,VIC
2024-05-09,Pakenham,Pakenham,VIC
2024-05-09,Warwick,Warwick,QLD
2024-05-10,Bordertown,Bordertown,SA
2024-05-10,Cranbourne,Cranbourne,VIC
2024-05-10,Gatton,Gatton,QLD
2024-05-10,Geelong,Geelong,VIC
2024-05-11,Burrandowan,Burrandowan,QLD
2024-05-11,Calliope,Calliope,QLD
2024-05-11,Caulfield,Caulfield,VIC
2024-05-11,Donald,Donald,VIC
2024-05-11,Ipswich,Ipswich,QLD
2024-05-11,Mackay,Mackay,QLD
2024-05-11,Morphettville,Morphettville,SA
2024-05-11,Mt Isa,Mt Isa,QLD
2024-05-11,Quilpie,Quilpie,QLD
2024-05-11,Sunshine Coast,Sunshine Coast,QLD
2024-05-11,Toowoomba,Toowoomba,QLD
2024-05-12,Ballarat,Ballarat,VIC
2024-05-12,Charters Towers,Charters Towers,QLD
2024-05-12,Longreach,Longreach,QLD
2024-05-12,Sunshine Coast Poly,Sunshine Coast,QLD
2024-05-13,Mornington,Mornington,VIC
2024-05-14,Moe,Moe,VIC
2024-05-14,Rockhampton,Rockhampton,QLD
2024-05-15,Ipswich,Ipswich,QLD
2024-05-15,Murray Bridge GH,Murray Bridge GH,SA
2024-05-15,Sandown-Hillside,Sandown,VIC
2024-05-16,Pakenham,Pakenham,VIC
2024-05-16,Wangaratta,Wangaratta,VIC
2024-05-17,Cranbourne,Cranbourne,VIC
2024-05-17,Port Augusta,Port Augusta,SA
2024-05-17,Townsville,Townsville,QLD
2024-05-17,Werribee,Werribee,VIC
2024-05-18,Charleville,Charleville,QLD
2024-05-18,Doomben,Doomben,QLD
2024-05-18,Echuca,Echuca,VIC
2024-05-18,Emerald,Emerald,QLD
2024-05-18,Esk,Esk,QLD
2024-05-18,Flemington,Flemington,VIC
2024-05-18,Gold Coast Poly,Gold Coast,QLD
2024-05-18,Home Hill,Home Hill,QLD
2024-05-18,Hughenden,Hughenden,QLD
2024-05-18,Morphettville Parks,Morphettville,SA
2024-05-18,Toowoomba,Toowoomba,QLD
2024-05-19,Casterton,Casterton,VIC
2024-05-19,Sale,Sale,VIC
2024-05-19,Strathalbyn,Strathalbyn,SA
2024-05-19,Sunshine Coast,Sunshine Coast,QLD
2024-05-20,Chinchilla,Chinchilla,QLD
2024-05-20,Stawell,Stawell,VIC
2024-05-21,Ballarat Synthetic,Ballarat,VIC
2024-05-21,Warwick,Warwick,QLD
2024-05-22,Balaklava,Balaklava,SA
2024-05-22,Bendigo,Bendigo,VIC
2024-05-22,Ipswich,Ipswich,QLD
2024-05-23,Pakenham,Pakenham,VIC
2024-05-23,Rockhampton,Rockhampton,QLD
2024-05-23,Tatura,Tatura,VIC
2024-05-24,Cranbourne,Cranbourne,VIC
2024-05-24,Gatton,Gatton,QLD
2024-05-24,Geelong,Geelong,VIC
2024-05-25,Doomben,Doomben,QLD
2024-05-25,Gladstone,Gladstone,QLD
2024-05-25,Gold Coast Poly,Gold Coast,QLD
2024-05-25,Hawker,Hawker,SA
2024-05-25,Longreach,Longreach,QLD
2024-05-25,Mt Isa,Mt Isa,QLD
2024-05-25,Murray Bridge GH,Murray Bridge GH,SA
2024-05-25,Sandown-Hillside,Sandown,VIC
2024-05-25,Toowoomba,Toowoomba,QLD
2024-05-25,Townsville,Townsville,QLD
2024-05-25,Wodonga,Wodonga,VIC
2024-05-26,Ballarat,Ballarat,VIC
2024-05-26,Mareeba,Mareeba,QLD
2024-05-26,Mildura,Mildura,VIC
2024-05-26,Mt Gambier,Mt Gambier,SA
2024-05-26,Sunshine Coast,Sunshine Coast,QLD
2024-05-27,Mackay,Mackay,QLD
2024-05-27,Mornington,Mornington,VIC
2024-05-28,Ballarat Synthetic,Ballarat,VIC
2024-05-29,Doomben,Doomben,QLD
2024-05-29,Sale,Sale,VIC
2024-05-29,Strathalbyn,Strathalbyn,SA
2024-05-30,Hamilton,Hamilton,VIC
2024-05-30,Ipswich,Ipswich,QLD
2024-05-30,Pakenham,Pakenham,VIC
2024-05-31,Cranbourne,Cranbourne,VIC
2024-05-31,Port Augusta,Port Augusta,SA
2024-05-31,Rockhampton,Rockhampton,QLD
2024-05-31,Seymour,Seymour,VIC
2024-05-31,Sunshine Coast,Sunshine Coast,QLD
2024-06-01,Beaudesert,Beaudesert,QLD
2024-06-01,Bowen,Bowen,QLD
2024-06-01,Cairns,Cairns,QLD
2024-06-01,Caulfield,Caulfield,VIC
2024-06-01,Eagle Farm,Eagle Farm,QLD
2024-06-01,Goondiwindi,Goondiwindi,QLD
2024-06-01,Morphettville,Morphettville,SA
2024-06-01,Toowoomba,Toowoomba,QLD
2024-06-01,Werribee,Werribee,VIC
2024-06-02,Kilcoy,Kilcoy,QLD
2024-06-02,Mt Isa,Mt Isa,QLD
2024-06-02,Penola,Penola,SA
2024-06-02,Sandown-Lakeside,Sandown,VIC
2024-06-02,Wangaratta,Wangaratta,VIC
2024-06-03,Moe,Moe,VIC
2024-06-03,Thangool,Thangool,QLD
2024-06-04,Bendigo,Bendigo,VIC
2024-06-04,Dalby,Dalby,QLD
2024-06-05,Balaklava,Balaklava,SA
2024-06-05,Doomben,Doomben,QLD
2024-06-05,Sandown-Lakeside,Sandown,VIC
2024-06-06,Geelong,Geelong,VIC
2024-06-06,Mackay,Mackay,QLD
2024-06-07,Ipswich,Ipswich,QLD
2024-06-07,Swan Hill,Swan Hill,VIC
2024-06-08,Barcaldine,Barcaldine,QLD
2024-06-08,Eagle Farm,Eagle Farm,QLD
2024-06-08,Flemington,Flemington,VIC
2024-06-08,Gayndah,Gayndah,QLD
2024-06-08,Gold Coast Poly,Gold Coast,QLD
2024-06-08,Injune,Injune,QLD
2024-06-08,Moranbah,Moranbah,QLD
2024-06-08,Morphettville Parks,Morphettville,SA
2024-06-08,Mt Isa,Mt Isa,QLD
2024-06-08,Swan Hill,Swan Hill,VIC
2024-06-08,Toowoomba,Toowoomba,QLD
2024-06-08,Townsville,Townsville,QLD
2024-06-09,Edenhope,Edenhope,VIC
2024-06-09,Port Augusta,Port Augusta,SA
2024-06-09,Sunshine Coast,Sunshine Coast,QLD
2024-06-09,Swan Hill,Swan Hill,VIC
2024-06-10,Cairns,Cairns,QLD
2024-06-10,Gawler,Gawler,SA
2024-06-10,Mornington,Mornington,VIC
2024-06-11,Gatton,Gatton,QLD
2024-06-11,Sale,Sale,VIC
2024-06-12,Ballarat,Ballarat,VIC
2024-06-12,Doomben,Doomben,QLD
2024-06-12,Mt Gambier,Mt Gambier,SA
2024-06-13,Echuca,Echuca,VIC
2024-06-13,Townsville,Townsville,QLD
2024-06-14,Ballarat Synthetic,Ballarat,VIC
2024-06-14,Sunshine Coast,Sunshine Coast,QLD
2024-06-15,Atherton,Atherton,QLD
2024-06-15,Bendigo,Bendigo,VIC
2024-06-15,Cunnamulla,Cunnamulla,QLD
2024-06-15,Eagle Farm,Eagle Farm,QLD
2024-06-15,Gold Coast Poly,Gold Coast,QLD
2024-06-15,Gympie,Gympie,QLD
2024-06-15,Longreach,Longreach,QLD
2024-06-15,Murray Bridge GH,Murray Bridge GH,SA
2024-06-15,Richmond,Richmond,QLD
2024-06-15,Rockhampton,Rockhampton,QLD
2024-06-15,Sandown-Hillside,Sandown,VIC
2024-06-15,Toowoomba,Toowoomba,QLD
2024-06-15,Warwick,Warwick,QLD
2024-06-16,Moe,Moe,VIC
2024-06-16,Seymour,Seymour,VIC
2024-06-16,Sunshine Coast,Sunshine Coast,QLD
2024-06-17,Pakenham Synthetic,Pakenham,VIC
2024-06-18,Ballarat Synthetic,Ballarat,VIC
2024-06-18,Mackay,Mackay,QLD
2024-06-19,Balaklava,Balaklava,SA
2024-06-19,Doomben,Doomben,QLD
2024-06-19,Sandown-Hillside,Sandown,VIC
2024-06-20,Gatton,Gatton,QLD
2024-06-20,Wangaratta,Wangaratta,VIC
2024-06-21,Geelong,Geelong,VIC
2024-06-21,Kilcoy,Kilcoy,QLD
2024-06-22,Clermont,Clermont,QLD
2024-06-22,Donald,Donald,VIC
2024-06-22,Flemington,Flemington,VIC
2024-06-22,Gold Coast Poly,Gold Coast,QLD
2024-06-22,Innisfail,Innisfail,QLD
2024-06-22,Ipswich,Ipswich,QLD
2024-06-22,McKinlay,McKinlay,QLD
2024-06-22,Morphettville,Morphettville,SA
2024-06-22,Roma,Roma,QLD
2024-06-22,Toowoomba,Toowoomba,QLD
2024-06-23,Cranbourne,Cranbourne,VIC
2024-06-23,Port Augusta,Port Augusta,SA
2024-06-23,Townsville,Townsville,QLD
2024-06-23,Warrnambool,Warrnambool,VIC
2024-06-24,Pakenham Synthetic,Pakenham,VIC
2024-06-25,Ballarat Synthetic,Ballarat,VIC
2024-06-26,Doomben,Doomben,QLD
2024-06-26,Gawler,Gawler,SA
2024-06-26,Sale,Sale,VIC
2024-06-27,Bendigo,Bendigo,VIC
2024-06-27,Dalby,Dalby,QLD
2024-06-28,Ballarat Synthetic,Ballarat,VIC
2024-06-28,Warracknabeal,Warracknabeal,VIC
2024-06-29,Alpha,Alpha,QLD
2024-06-29,Caulfield,Caulfield,VIC
2024-06-29,Eagle Farm,Eagle Farm,QLD
2024-06-29,Gatton,Gatton,QLD
2024-06-29,Gladstone,Gladstone,QLD
2024-06-29,Gold Coast Poly,Gold Coast,QLD
2024-06-29,Home Hill,Home Hill,QLD
2024-06-29,Laura,Laura,QLD
2024-06-29,Morphettville Parks,Morphettville,SA
2024-06-29,Mt Isa,Mt Isa,QLD
2024-06-29,Wodonga,Wodonga,VIC
2024-06-30,Ballarat,Ballarat,VIC
2024-06-30,Casterton,Casterton,VIC
2024-06-30,Rockhampton,Rockhampton,QLD
2024-07-01,Pakenham Synthetic,Pakenham,VIC
2024-07-01,Warwick,Warwick,QLD
2024-07-02,Seymour,Seymour,VIC
2024-07-02,Townsville,Townsville,QLD
2024-07-03,Eagle Farm,Eagle Farm,QLD
2024-07-03,Murray Bridge GH,Murray Bridge GH,SA
2024-07-03,Sandown-Hillside,Sandown,VIC
2024-07-04,Mackay,Mackay,QLD
2024-07-04,Sale,Sale,VIC
2024-07-05,Ballarat Synthetic,Ballarat,VIC
2024-07-05,Ipswich,Ipswich,QLD
2024-07-05,Oak Park,Oak Park,QLD
2024-07-06,Beaudesert,Beaudesert,QLD
2024-07-06,Bluff,Bluff,QLD
2024-07-06,Charleville,Charleville,QLD
2024-07-06,Flemington,Flemington,VIC
2024-07-06,Gawler,Gawler,SA
2024-07-06,Hughenden,Hughenden,QLD
2024-07-06,Oak Park,Oak Park,QLD
2024-07-06,Sunshine Coast,Sunshine Coast,QLD
2024-07-06,Toowoomba,Toowoomba,QLD
2024-07-06,Wangaratta,Wangaratta,VIC
2024-07-07,Townsville,Townsville,QLD
2024-07-07,Warrnambool,Warrnambool,VIC
2024-07-08,Barcaldine,Barcaldine,QLD
2024-07-08,Pakenham Synthetic,Pakenham,VIC
2024-07-09,Ballarat Synthetic,Ballarat,VIC
2024-07-09,Kilcoy,Kilcoy,QLD
2024-07-10,Eagle Farm,Eagle Farm,QLD
2024-07-10,Mt Gambier,Mt Gambier,SA
2024-07-10,Sandown-Lakeside,Sandown,VIC
2024-07-11,Bendigo,Bendigo,VIC
2024-07-11,Ipswich,Ipswich,QLD
2024-07-12,Geelong,Geelong,VIC
2024-07-12,Moe,Moe,VIC
2024-07-12,Rockhampton,Rockhampton,QLD
2024-07-13,Caulfield,Caulfield,VIC
2024-07-13,Doomben,Doomben,QLD
2024-07-13,Esk,Esk,QLD
2024-07-13,Gold Coast Poly,Gold Coast,QLD
2024-07-13,Ilfracombe,Ilfracombe,QLD
2024-07-13,Murray Bridge GH,Murray Bridge GH,SA
2024-07-13,Rockhampton,Rockhampton,QLD
2024-07-13,Roma,Roma,QLD
2024-07-13,Toowoomba,Toowoomba,QLD
2024-07-13,Warracknabeal,Warracknabeal,VIC
2024-07-14,Ballarat Synthetic,Ballarat,VIC
2024-07-14,Sunshine Coast,Sunshine Coast,QLD
2024-07-14,Wodonga,Wodonga,VIC
2024-07-15,Mt Isa,Mt Isa,QLD
2024-07-15,Pakenham Synthetic,Pakenham,VIC
2024-07-16,Ballarat Synthetic,Ballarat,VIC
2024-07-17,Doomben,Doomben,QLD
2024-07-17,Gawler,Gawler,SA
2024-07-17,Sandown-Lakeside,Sandown,VIC
2024-07-18,Cairns,Cairns,QLD
2024-07-18,Pakenham Synthetic,Pakenham,VIC
2024-07-19,Ipswich,Ipswich,QLD
2024-07-19,Mildura,Mildura,VIC
2024-07-20,Eagle Farm,Eagle Farm,QLD
2024-07-20,Flemington,Flemington,VIC
2024-07-20,Gold Coast Poly,Gold Coast,QLD
2024-07-20,Goondiwindi,Goondiwindi,QLD
2024-07-20,Gympie,Gympie,QLD
2024-07-20,Hughenden,Hughenden,QLD
2024-07-20,Mildura,Mildura,VIC
2024-07-20,Morphettville Parks,Morphettville,SA
2024-07-20,Thangool,Thangool,QLD
2024-07-20,Toowoomba,Toowoomba,QLD
2024-07-20,Townsville,Townsville,QLD
2024-07-21,Pakenham,Pakenham,VIC
2024-07-21,Port Augusta,Port Augusta,SA
2024-07-21,Sunshine Coast,Sunshine Coast,QLD
2024-07-22,Blackall,Blackall,QLD
2024-07-22,Seymour,Seymour,VIC
2024-07-23,Rockhampton,Rockhampton,QLD
2024-07-23,Warrnambool,Warrnambool,VIC
2024-07-24,Ipswich,Ipswich,QLD
2024-07-24,Murray Bridge GH,Murray Bridge GH,SA
2024-07-24,Sandown-Hillside,Sandown,VIC
2024-07-25,Bendigo,Bendigo,VIC
2024-07-25,Gatton,Gatton,QLD
2024-07-26,Bordertown,Bordertown,SA
2024-07-26,Echuca,Echuca,VIC
2024-07-26,Geelong,Geelong,VIC
2024-07-26,Mackay,Mackay,QLD
2024-07-27,Atherton,Atherton,QLD
2024-07-27,Bundaberg,Bundaberg,QLD
2024-07-27,Caulfield,Caulfield,VIC
2024-07-27,Charters Towers,Charters Towers,QLD
2024-07-27,Doomben,Doomben,QLD
2024-07-27,Gold Coast Poly,Gold Coast,QLD
2024-07-27,Julia Creek,Julia Creek,QLD
2024-07-27,Longreach,Longreach,QLD
2024-07-27,Morphettville,Morphettville,SA
2024-07-27,Murtoa,Murtoa,VIC
2024-07-27,Toowoomba,Toowoomba,QLD
2024-07-28,Casterton,Casterton,VIC
2024-07-28,Gawler,Gawler,SA
2024-07-28,Sale,Sale,VIC
2024-07-28,Townsville,Townsville,QLD
2024-07-29,Pakenham Synthetic,Pakenham,VIC
2024-07-30,Ballarat Synthetic,Ballarat,VIC
2024-07-30,Rockhampton,Rockhampton,QLD
2024-07-31,Balaklava,Balaklava,SA
2024-07-31,Doomben,Doomben,QLD
2024-07-31,Sandown-Hillside,Sandown,VIC
2024-08-01,Cairns,Cairns,QLD
2024-08-01,Cranbourne,Cranbourne,VIC
2024-08-02,Ballarat Synthetic,Ballarat,VIC
2024-08-02,Ipswich,Ipswich,QLD
2024-08-02,Swan Hill,Swan Hill,VIC
2024-08-03,Corfield,Corfield,QLD
2024-08-03,Doomben,Doomben,QLD
2024-08-03,Flemington,Flemington,VIC
2024-08-03,Gold Coast Poly,Gold Coast,QLD
2024-08-03,Hamilton,Hamilton,VIC
2024-08-03,Murray Bridge GH,Murray Bridge GH,SA
2024-08-03,Nanango,Nanango,QLD
2024-08-03,Roma,Roma,QLD
2024-08-03,Roxby Downs,Roxby Downs,SA
2024-08-03,Tambo,Tambo,QLD
2024-08-03,Toowoomba,Toowoomba,QLD
2024-08-03,Townsville,Townsville,QLD
2024-08-03,Yeppoon,Yeppoon,QLD
2024-08-04,Sandown-Lakeside,Sandown,VIC
2024-08-04,Sunshine Coast,Sunshine Coast,QLD
2024-08-04,Wodonga,Wodonga,VIC
2024-08-05,Dalby,Dalby,QLD
2024-08-05,Pakenham Synthetic,Pakenham,VIC
2024-08-06,Ballarat Synthetic,Ballarat,VIC
2024-08-07,Doomben,Doomben,QLD
2024-08-07,Gawler,Gawler,SA
2024-08-07,Sandown-Lakeside,Sandown,VIC
2024-08-08,Ballarat,Ballarat,VIC
2024-08-08,Mt Isa,Mt Isa,QLD
2024-08-09,Geelong,Geelong,VIC
2024-08-09,Ipswich,Ipswich,QLD
2024-08-09,Mt Gambier,Mt Gambier,SA
2024-08-10,Charleville,Charleville,QLD
2024-08-10,Gladstone,Gladstone,QLD
2024-08-10,Innisfail,Innisfail,QLD
2024-08-10,Mackay,Mackay,QLD
2024-08-10,Mildura,Mildura,VIC
2024-08-10,Moonee Valley,Moonee Valley,VIC
2024-08-10,Morphettville,Morphettville,SA
2024-08-10,Muttaburra,Muttaburra,QLD
2024-08-10,Sunshine Coast,Sunshine Coast,QLD
2024-08-10,Toowoomba,Toowoomba,QLD
2024-08-11,Casterton,Casterton,VIC
2024-08-11,Echuca,Echuca,VIC
2024-08-11,Sunshine Coast Poly,Sunshine Coast,QLD
2024-08-12,Beaudesert,Beaudesert,QLD
2024-08-12,Pakenham Synthetic,Pakenham,VIC
2024-08-13,Ballarat Synthetic,Ballarat,VIC
2024-08-14,Murray Bridge GH,Murray Bridge GH,SA
2024-08-14,Sandown-Lakeside,Sandown,VIC
2024-08-15,Rockhampton,Rockhampton,QLD
2024-08-15,Terang,Terang,VIC
2024-08-16,Ballarat Synthetic,Ballarat,VIC
2024-08-17,Bowen,Bowen,QLD
2024-08-17,Cairns,Cairns,QLD
2024-08-17,Caulfield,Caulfield,VIC
2024-08-17,Cunnamulla,Cunnamulla,QLD
2024-08-17,Doomben,Doomben,QLD
2024-08-17,Gold Coast Poly,Gold Coast,QLD
2024-08-17,Gympie,Gympie,QLD
2024-08-17,Longreach,Longreach,QLD
2024-08-17,Morphettville Parks,Morphettville,SA
2024-08-17,Quorn,Quorn,SA
2024-08-17,Richmond,Richmond,QLD
2024-08-17,Toowoomba,Toowoomba,QLD
2024-08-17,Warracknabeal,Warracknabeal,VIC
2024-08-18,Bendigo,Bendigo,VIC
2024-08-18,Moe,Moe,VIC
2024-08-18,Sunshine Coast Poly,Sunshine Coast,QLD
2024-08-19,Ipswich,Ipswich,QLD
2024-08-19,Pakenham Synthetic,Pakenham,VIC
2024-08-20,Ballarat Synthetic,Ballarat,VIC
2024-08-20,Gatton,Gatton,QLD
2024-08-21,Balaklava,Balaklava,SA
2024-08-21,Sandown-Lakeside,Sandown,VIC
2024-08-21,Sunshine Coast,Sunshine Coast,QLD
2024-08-22,Mackay,Mackay,QLD
2024-08-22,Sale,Sale,VIC
2024-08-23,Geelong,Geelong,VIC
2024-08-23,Ipswich,Ipswich,QLD
2024-08-24,Aramac,Aramac,QLD
2024-08-24,Cairns,Cairns,QLD
2024-08-24,Dingo,Dingo,QLD
2024-08-24,Doomben,Doomben,QLD
2024-08-24,Gold Coast Poly,Gold Coast,QLD
2024-08-24,Moonee Valley,Moonee Valley,VIC
2024-08-24,Morphettville Parks,Morphettville,SA
2024-08-24,Mt Isa,Mt Isa,QLD
2024-08-24,Roma,Roma,QLD
2024-08-24,Toowoomba,Toowoomba,QLD
2024-08-24,Wangaratta,Wangaratta,VIC
2024-08-25,Ballarat,Ballarat,VIC
2024-08-25,Kilcoy,Kilcoy,QLD
2024-08-25,Pakenham Synthetic,Pakenham,VIC
2024-08-26,Horsham,Horsham,VIC
2024-08-27,Home Hill,Home Hill,QLD
2024-08-27,Seymour,Seymour,VIC
2024-08-28,Sandown-Hillside,Sandown,VIC
2024-08-28,Strathalbyn,Strathalbyn,SA
2024-08-28,Sunshine Coast,Sunshine Coast,QLD
2024-08-29,Bendigo,Bendigo,VIC
2024-08-29,Rockhampton,Rockhampton,QLD
2024-08-30,Naracoorte,Naracoorte,SA
2024-08-30,Pakenham Synthetic,Pakenham,VIC
2024-08-30,Warwick,Warwick,QLD
2024-08-31,Betoota,Betoota,QLD
2024-08-31,Bundaberg,Bundaberg,QLD
2024-08-31,Caulfield,Caulfield,VIC
2024-08-31,Doomben,Doomben,QLD
2024-08-31,Gold Coast Poly,Gold Coast,QLD
2024-08-31,Julia Creek,Julia Creek,QLD
2024-08-31,Mareeba,Mareeba,QLD
2024-08-31,Morphettville,Morphettville,SA
2024-08-31,Springsure,Springsure,QLD
2024-08-31,Toowoomba,Toowoomba,QLD
2024-08-31,Warra,Warra,QLD
2024-08-31,Warracknabeal,Warracknabeal,VIC
2024-09-01,Casterton,Casterton,VIC
2024-09-01,Geelong,Geelong,VIC
2024-09-01,Port Augusta,Port Augusta,SA
2024-09-01,Sunshine Coast,Sunshine Coast,QLD
2024-09-03,Benalla,Benalla,VIC
2024-09-03,Gatton,Gatton,QLD
2024-09-04,Murray Bridge GH,Murray Bridge GH,SA
2024-09-04,Sandown-Hillside,Sandown,VIC
2024-09-04,Sunshine Coast,Sunshine Coast,QLD
2024-09-05,Cranbourne,Cranbourne,VIC
2024-09-05,Mackay,Mackay,QLD
2024-09-06,Birdsville,Birdsville,QLD
2024-09-06,Mornington,Mornington,VIC
2024-09-07,Birdsville,Birdsville,QLD
2024-09-07,Doomben,Doomben,QLD
2024-09-07,Emerald,Emerald,QLD
2024-09-07,Gold Coast,Gold Coast,QLD
2024-09-07,Goondiwindi,Goondiwindi,QLD
2024-09-07,Mildura,Mildura,VIC
2024-09-07,Moonee Valley,Moonee Valley,VIC
2024-09-07,Morphettville Parks,Morphettville,SA
2024-09-07,Nanango,Nanango,QLD
2024-09-07,Prairie,Prairie,QLD
2024-09-07,Surat,Surat,QLD
2024-09-07,Toowoomba,Toowoomba,QLD
2024-09-08,Bendigo,Bendigo,VIC
2024-09-08,Sunshine Coast,Sunshine Coast,QLD
2024-09-09,Bairnsdale,Bairnsdale,VIC
2024-09-10,Tatura,Tatura,VIC
2024-09-10,Yeppoon,Yeppoon,QLD
2024-09-11,Balaklava,Balaklava,SA
2024-09-11,Doomben,Doomben,QLD
2024-09-11,Sale,Sale,VIC
2024-09-12,Beaudesert,Beaudesert,QLD
2024-09-12,Warrnambool,Warrnambool,VIC
2024-09-13,Bordertown,Bordertown,SA
2024-09-13,Cairns,Cairns,QLD
2024-09-13,Geelong,Geelong,VIC
2024-09-14,Bedourie,Bedourie,QLD
2024-09-14,Cairns,Cairns,QLD
2024-09-14,Cloncurry,Cloncurry,QLD
2024-09-14,Donald,Donald,VIC
2024-09-14,Eagle Farm,Eagle Farm,QLD
2024-09-14,Flemington,Flemington,VIC
2024-09-14,Gold Coast Poly,Gold Coast,QLD
2024-09-14,Morphettville,Morphettville,SA
2024-09-14,Morven,Morven,QLD
2024-09-14,Thangool,Thangool,QLD
2024-09-14,Toowoomba,Toowoomba,QLD
2024-09-15,Halidon,Halidon,SA
2024-09-15,Seymour,Seymour,VIC
2024-09-15,Sunshine Coast,Sunshine Coast,QLD
2024-09-16,Hamilton,Hamilton,VIC
2024-09-17,Mackay,Mackay,QLD
2024-09-17,Wodonga,Wodonga,VIC
2024-09-18,Doomben,Doomben,QLD
2024-09-18,Murray Bridge GH,Murray Bridge GH,SA
2024-09-18,Sandown-Hillside,Sandown,VIC
2024-09-19,Cranbourne,Cranbourne,VIC
2024-09-19,Ipswich,Ipswich,QLD
2024-09-20,Ballarat,Ballarat,VIC
2024-09-20,Eagle Farm,Eagle Farm,QLD
2024-09-20,Ewan,Ewan,QLD
2024-09-20,Twin Hills,Twin Hills,QLD
2024-09-21,Caulfield,Caulfield,VIC
2024-09-21,Dalby,Dalby,QLD
2024-09-21,Echuca,Echuca,VIC
2024-09-21,Ewan,Ewan,QLD
2024-09-21,Gold Coast,Gold Coast,QLD
2024-09-21,Gympie,Gympie,QLD
2024-09-21,Morphettville Parks,Morphettville,SA
2024-09-21,Talwood,Talwood,QLD
2024-09-21,Twin Hills,Twin Hills,QLD
2024-09-21,Winton,Winton,QLD
2024-09-22,Bairnsdale,Bairnsdale,VIC
2024-09-22,Flemington,Flemington,VIC
2024-09-22,Mt Gambier,Mt Gambier,SA
2024-09-22,Warwick,Warwick,QLD
2024-09-23,Warrnambool,Warrnambool,VIC
2024-09-24,Swan Hill,Swan Hill,VIC
2024-09-24,Yeppoon,Yeppoon,QLD
2024-09-25,Bendigo,Bendigo,VIC
2024-09-25,Doomben,Doomben,QLD
2024-09-25,Strathalbyn,Strathalbyn,SA
2024-09-26,Geelong,Geelong,VIC
2024-09-26,Ipswich,Ipswich,QLD
2024-09-27,Benalla,Benalla,VIC
2024-09-27,Bowen,Bowen,QLD
2024-09-27,Coleraine,Coleraine,VIC
2024-09-27,Moonee Valley,Moonee Valley,VIC
2024-09-27,Sunshine Coast,Sunshine Coast,QLD
2024-09-28,Atherton,Atherton,QLD
2024-09-28,Eagle Farm,Eagle Farm,QLD
2024-09-28,Gladstone,Gladstone,QLD
2024-09-28,Longreach,Longreach,QLD
2024-09-28,Mackay,Mackay,QLD
2024-09-28,Morphettville Parks,Morphettville,SA
2024-09-28,Mt Isa,Mt Isa,QLD
2024-09-28,Sandown-Hillside,Sandown,VIC
2024-09-28,Taroom,Taroom,QLD
2024-09-28,Toowoomba,Toowoomba,QLD
2024-09-29,Mornington,Mornington,VIC
2024-09-29,Port Lincoln,Port Lincoln,SA
2024-09-29,Sunshine Coast,Sunshine Coast,QLD
2024-09-30,Emerald,Emerald,QLD
2024-09-30,Moe,Moe,VIC
2024-10-01,Gatton,Gatton,QLD
2024-10-01,Tatura,Tatura,VIC
2024-10-02,Balaklava,Balaklava,SA
2024-10-02,Cranbourne,Cranbourne,VIC
2024-10-02,Eagle Farm,Eagle Farm,QLD
2024-10-03,Ballarat,Ballarat,VIC
2024-10-03,Ipswich,Ipswich,QLD
2024-10-04,Moonee Valley,Moonee Valley,VIC
2024-10-04,Rockhampton,Rockhampton,QLD
2024-10-04,Sunshine Coast,Sunshine Coast,QLD
2024-10-04,Warrnambool,Warrnambool,VIC
2024-10-05,Doomben,Doomben,QLD
2024-10-05,Eidsvold,Eidsvold,QLD
2024-10-05,Flemington,Flemington,VIC
2024-10-05,Gold Coast,Gold Coast,QLD
2024-10-05,Gordonvale,Gordonvale,QLD
2024-10-05,Gunbower,Gunbower,VIC
2024-10-05,Jundah,Jundah,QLD
2024-10-05,Morphettville,Morphettville,SA
2024-10-05,Murtoa,Murtoa,VIC
2024-10-05,Richmond,Richmond,QLD
2024-10-05,Tara,Tara,QLD
2024-10-05,Toowoomba,Toowoomba,QLD
2024-10-06,Bendigo,Bendigo,VIC
2024-10-06,Charleville,Charleville,QLD
2024-10-06,Townsville,Townsville,QLD
2024-10-07,Gawler,Gawler,SA
2024-10-07,Ipswich,Ipswich,QLD
2024-10-07,Mildura,Mildura,VIC
2024-10-08,Wangaratta,Wangaratta,VIC
2024-10-09,Doomben,Doomben,QLD
2024-10-09,Mt Gambier,Mt Gambier,SA
2024-10-09,Sale,Sale,VIC
2024-10-10,Kilcoy,Kilcoy,QLD
2024-10-10,Mornington,Mornington,VIC
2024-10-11,Cloncurry,Cloncurry,QLD
2024-10-11,Cranbourne,Cranbourne,VIC
2024-10-11,Morphettville Parks,Morphettville,SA
2024-10-11,Sunshine Coast,Sunshine Coast,QLD
2024-10-12,Atherton,Atherton,QLD
2024-10-12,Bowen,Bowen,QLD
2024-10-12,Caulfield,Caulfield,VIC
2024-10-12,Cunnamulla,Cunnamulla,QLD
2024-10-12,Eagle Farm,Eagle Farm,QLD
2024-10-12,Emerald,Emerald,QLD
2024-10-12,Gayndah,Gayndah,QLD
2024-10-12,Gold Coast Poly,Gold Coast,QLD
2024-10-12,Hamilton,Hamilton,VIC
2024-10-12,Manangatang,Manangatang,VIC
2024-10-12,Murray Bridge GH,Murray Bridge GH,SA
2024-10-12,Warwick,Warwick,QLD
2024-10-13,Port Lincoln,Port Lincoln,SA
2024-10-13,Seymour,Seymour,VIC
2024-10-13,Townsville,Townsville,QLD
2024-10-14,Bairnsdale,Bairnsdale,VIC
2024-10-15,Kilmore,Kilmore,VIC
2024-10-16,Balaklava,Balaklava,SA
2024-10-16,Caulfield,Caulfield,VIC
2024-10-16,Doomben,Doomben,QLD
2024-10-17,Ballarat,Ballarat,VIC
2024-10-17,Mackay,Mackay,QLD
2024-10-18,Ipswich,Ipswich,QLD
2024-10-18,Moe,Moe,VIC
2024-10-18,Pakenham,Pakenham,VIC
2024-10-19,Avoca,Avoca,VIC
2024-10-19,Bendigo,Bendigo,VIC
2024-10-19,Blackall,Blackall,QLD
2024-10-19,Caulfield,Caulfield,VIC
2024-10-19,Eagle Farm,Eagle Farm,QLD
2024-10-19,Gold Coast,Gold Coast,QLD
2024-10-19,Innisfail,Innisfail,QLD
2024-10-19,Mitchell,Mitchell,QLD
2024-10-19,Morphettville,Morphettville,SA
2024-10-19,Rockhampton,Rockhampton,QLD
2024-10-19,Stanthorpe,Stanthorpe,QLD
2024-10-19,Toowoomba,Toowoomba,QLD
2024-10-19,Wodonga,Wodonga,VIC
2024-10-19,Wondai,Wondai,QLD
2024-10-19,Yea,Yea,VIC
2024-10-20,Echuca,Echuca,VIC
2024-10-20,Ewan,Ewan,QLD
2024-10-20,Horsham,Horsham,VIC
2024-10-20,Sunshine Coast,Sunshine Coast,QLD
2024-10-21,Mt Isa,Mt Isa,QLD
2024-10-21,Penola,Penola,SA
2024-10-21,Warrnambool,Warrnambool,VIC
2024-10-22,Gatton,Gatton,QLD
2024-10-22,Kyneton,Kyneton,VIC
2024-10-23,Eagle Farm,Eagle Farm,QLD
2024-10-23,Geelong,Geelong,VIC
2024-10-23,Strathalbyn,Strathalbyn,SA
2024-10-24,Ballarat,Ballarat,VIC
2024-10-24,Ipswich,Ipswich,QLD
2024-10-25,Gawler,Gawler,SA
2024-10-25,Innisfail,Innisfail,QLD
2024-10-25,Moonee Valley,Moonee Valley,VIC
2024-10-25,Mornington,Mornington,VIC
2024-10-25,Sunshine Coast,Sunshine Coast,QLD
2024-10-26,Alexandra,Alexandra,VIC
2024-10-26,Charleville,Charleville,QLD
2024-10-26,Clifton,Clifton,QLD
2024-10-26,Doomben,Doomben,QLD
2024-10-26,Gladstone,Gladstone,QLD
2024-10-26,Gold Coast Poly,Gold Coast,QLD
2024-10-26,Gympie,Gympie,QLD
2024-10-26,Isisford,Isisford,QLD
2024-10-26,Moonee Valley,Moonee Valley,VIC
2024-10-26,Morphettville,Morphettville,SA
2024-10-26,Richmond,Richmond,QLD
2024-10-26,St Arnaud,St Arnaud,VIC
2024-10-26,Toowoomba,Toowoomba,QLD
2024-10-26,Townsville,Townsville,QLD
2024-10-26,Yarra Glen,Yarra Glen,VIC
2024-10-27,Port Lincoln,Port Lincoln,SA
2024-10-27,Sale,Sale,VIC
2024-10-27,Sunshine Coast,Sunshine Coast,QLD
2024-10-28,Benalla,Benalla,VIC
2024-10-29,Rockhampton,Rockhampton,QLD
2024-10-29,Swan Hill,Swan Hill,VIC
2024-10-30,Balaklava,Balaklava,SA
2024-10-30,Bendigo,Bendigo,VIC
2024-10-30,Doomben,Doomben,QLD
2024-10-31,Kilcoy,Kilcoy,QLD
2024-10-31,Warrnambool,Warrnambool,VIC
2024-11-01,Ipswich,Ipswich,QLD
2024-11-01,Kilmore,Kilmore,VIC
2024-11-01,Moonee Valley,Moonee Valley,VIC
2024-11-02,Barcaldine,Barcaldine,QLD
2024-11-02,Beaudesert,Beaudesert,QLD
2024-11-02,Cloncurry,Cloncurry,QLD
2024-11-02,Dalby,Dalby,QLD
2024-11-02,Eagle Farm,Eagle Farm,QLD
2024-11-02,Flemington,Flemington,VIC
2024-11-02,Gold Coast,Gold Coast,QLD
2024-11-02,Healesville,Healesville,VIC
2024-11-02,Home Hill,Home Hill,QLD
2024-11-02,Morphettville,Morphettville,SA
2024-11-02,Mortlake,Mortlake,VIC
2024-11-02,Toowoomba,Toowoomba,QLD
2024-11-02,Traralgon,Traralgon,VIC
2024-11-02,Wycheproof,Wycheproof,VIC
2024-11-02,Yeppoon,Yeppoon,QLD
2024-11-03,Innisfail,Innisfail,QLD
2024-11-03,Mornington,Mornington,VIC
2024-11-03,Naracoorte,Naracoorte,SA
2024-11-04,Ballarat,Ballarat,VIC
2024-11-05,Bairnsdale,Bairnsdale,VIC
2024-11-05,Bundaberg,Bundaberg,QLD
2024-11-05,Charleville,Charleville,QLD
2024-11-05,Eagle Farm,Eagle Farm,QLD
2024-11-05,Echuca,Echuca,VIC
2024-11-05,Flemington,Flemington,VIC
2024-11-05,Gold Coast Poly,Gold Coast,QLD
2024-11-05,Kumbia,Kumbia,QLD
2024-11-05,Mackay,Mackay,QLD
2024-11-05,Mansfield,Mansfield,VIC
2024-11-05,Mildura,Mildura,VIC
2024-11-05,Morphettville,Morphettville,SA
2024-11-05,Sunshine Coast,Sunshine Coast,QLD
2024-11-05,Toowoomba,Toowoomba,QLD
2024-11-05,Townsville,Townsville,QLD
2024-11-05,Wangaratta,Wangaratta,VIC
2024-11-06,Kyneton,Kyneton,VIC
2024-11-06,Port Lincoln,Port Lincoln,SA
2024-11-07,Flemington,Flemington,VIC
2024-11-07,Gawler,Gawler,SA
2024-11-07,Ipswich,Ipswich,QLD
2024-11-08,Hamilton,Hamilton,VIC
2024-11-08,Pakenham,Pakenham,VIC
2024-11-08,Rockhampton,Rockhampton,QLD
2024-11-09,Balnarring,Balnarring,VIC
2024-11-09,Cooktown,Cooktown,QLD
2024-11-09,Dalby,Dalby,QLD
2024-11-09,Doomben,Doomben,QLD
2024-11-09,Esk,Esk,QLD
2024-11-09,Flemington,Flemington,VIC
2024-11-09,Geelong,Geelong,VIC
2024-11-09,Gold Coast Poly,Gold Coast,QLD
2024-11-09,Moranbah,Moranbah,QLD
2024-11-09,Morphettville Parks,Morphettville,SA
2024-11-09,Toowoomba,Toowoomba,QLD
2024-11-10,Ararat,Ararat,VIC
2024-11-10,Benalla,Benalla,VIC
2024-11-10,Longreach,Longreach,QLD
2024-11-10,Sunshine Coast,Sunshine Coast,QLD
2024-11-11,Mt Isa,Mt Isa,QLD
2024-11-11,Warrnambool,Warrnambool,VIC
2024-11-12,Mornington,Mornington,VIC
2024-11-13,Bendigo,Bendigo,VIC
2024-11-13,Doomben,Doomben,QLD
2024-11-13,Murray Bridge GH,Murray Bridge GH,SA
2024-11-14,Ballarat,Ballarat,VIC
2024-11-14,Mackay,Mackay,QLD
2024-11-15,Moonee Valley,Moonee Valley,VIC
2024-11-15,Mt Gambier,Mt Gambier,SA
2024-11-15,Seymour,Seymour,VIC
2024-11-16,Caulfield,Caulfield,VIC
2024-11-16,Clermont,Clermont,QLD
2024-11-16,Dunkeld,Dunkeld,VIC
2024-11-16,Ingham,Ingham,QLD
2024-11-16,Ipswich,Ipswich,QLD
2024-11-16,Morphettville Parks,Morphettville,SA
2024-11-16,Mt Isa,Mt Isa,QLD
2024-11-16,Mt Perry,Mt Perry,QLD
2024-11-16,Roma,Roma,QLD
2024-11-16,Sunshine Coast,Sunshine Coast,QLD
2024-11-16,Toowoomba,Toowoomba,QLD
2024-11-16,Yea,Yea,VIC
2024-11-17,Donald,Donald,VIC
2024-11-17,Geelong,Geelong,VIC
2024-11-17,Townsville,Townsville,QLD
2024-11-18,Kyneton,Kyneton,VIC
2024-11-18,Warwick,Warwick,QLD
2024-11-19,Bairnsdale,Bairnsdale,VIC
2024-11-19,Rockhampton,Rockhampton,QLD
2024-11-20,Balaklava,Balaklava,SA
2024-11-20,Caulfield Heath,Caulfield,VIC
2024-11-21,Moe,Moe,VIC
2024-11-22,Cairns,Cairns,QLD
2024-11-22,Moonee Valley,Moonee Valley,VIC
2024-11-22,Sunshine Coast Poly,Sunshine Coast,QLD
2024-11-23,Atherton,Atherton,QLD
2024-11-23,Barcaldine,Barcaldine,QLD
2024-11-23,Cranbourne,Cranbourne,VIC
2024-11-23,Emerald,Emerald,QLD
2024-11-23,Gold Coast Poly,Gold Coast,QLD
2024-11-23,Gympie,Gympie,QLD
2024-11-23,Healesville,Healesville,VIC
2024-11-23,Morphettville,Morphettville,SA
2024-11-23,Penshurst,Penshurst,VIC
2024-11-23,Pentland,Pentland,QLD
2024-11-23,Tatura,Tatura,VIC
2024-11-23,Toowoomba,Toowoomba,QLD
2024-11-24,Kilmore,Kilmore,VIC
2024-11-24,Strathalbyn,Strathalbyn,SA
2024-11-24,Sunshine Coast Poly,Sunshine Coast,QLD
2024-11-24,Swan Hill,Swan Hill,VIC
2024-11-26,Ararat,Ararat,VIC
2024-11-26,Mackay,Mackay,QLD
2024-11-27,Doomben,Doomben,QLD
2024-11-27,Gawler,Gawler,SA
2024-11-27,Geelong,Geelong,VIC
2024-11-28,Caulfield Heath,Caulfield,VIC
2024-11-28,Ipswich,Ipswich,QLD
2024-11-28,Townsville,Townsville,QLD
2024-11-29,Moonee Valley,Moonee Valley,VIC
2024-11-29,Naracoorte,Naracoorte,SA
2024-11-29,Rockhampton,Rockhampton,QLD
2024-11-29,Sunshine Coast,Sunshine Coast,QLD
2024-11-29,Wodonga,Wodonga,VIC
2024-11-30,Caulfield,Caulfield,VIC
2024-11-30,Doomben,Doomben,QLD
2024-11-30,Gold Coast,Gold Coast,QLD
2024-11-30,Goondiwindi,Goondiwindi,QLD
2024-11-30,Morphettville Parks,Morphettville,SA
2024-11-30,Thangool,Thangool,QLD
2024-11-30,Toowoomba,Toowoomba,QLD
2024-11-30,Woolamai,Woolamai,VIC
2024-11-30,Yarra Glen,Yarra Glen,VIC
2024-12-01,Clare,Clare,SA
2024-12-01,Sunshine Coast,Sunshine Coast,QLD
2024-12-01,Warrnambool,Warrnambool,VIC
2024-12-02,Dalby,Dalby,QLD
2024-12-03,Bendigo,Bendigo,VIC
2024-12-03,Cairns,Cairns,QLD
2024-12-04,Balaklava,Balaklava,SA
2024-12-04,Caulfield Heath,Caulfield,VIC
2024-12-04,Ipswich,Ipswich,QLD
2024-12-05,Geelong,Geelong,VIC
2024-12-05,Townsville,Townsville,QLD
2024-12-06,Doomben,Doomben,QLD
2024-12-06,Moe,Moe,VIC
2024-12-06,Moonee Valley,Moonee Valley,VIC
2024-12-06,Mornington,Mornington,VIC
2024-12-06,Port Lincoln,Port Lincoln,SA
2024-12-07,Atherton,Atherton,QLD
2024-12-07,Ballarat,Ballarat,VIC
2024-12-07,Balnarring,Balnarring,VIC
2024-12-07,Bundaberg,Bundaberg,QLD
2024-12-07,Colac,Colac,VIC
2024-12-07,Eagle Farm,Eagle Farm,QLD
2024-12-07,Gold Coast,Gold Coast,QLD
2024-12-07,Home Hill,Home Hill,QLD
2024-12-07,Morphettville Parks,Morphettville,SA
2024-12-07,Mt Isa,Mt Isa,QLD
2024-12-07,Rockhampton,Rockhampton,QLD
2024-12-07,Roma,Roma,QLD
2024-12-07,Texas,Texas,QLD
2024-12-07,Toowoomba,Toowoomba,QLD
2024-12-07,Wangaratta,Wangaratta,VIC
2024-12-08,Murray Bridge GH,Murray Bridge GH,SA
2024-12-08,Sunshine Coast,Sunshine Coast,QLD
2024-12-08,Werribee,Werribee,VIC
2024-12-10,Hamilton,Hamilton,VIC
2024-12-11,Ipswich,Ipswich,QLD
2024-12-11,Mornington,Mornington,VIC
2024-12-11,Strathalbyn,Strathalbyn,SA
2024-12-12,Caulfield Heath,Caulfield,VIC
2024-12-12,Kyneton,Kyneton,VIC
2024-12-13,Cranbourne,Cranbourne,VIC
2024-12-13,Geelong,Geelong,VIC
2024-12-13,Moonee Valley,Moonee Valley,VIC
2024-12-13,Morphettville,Morphettville,SA
2024-12-13,Sunshine Coast,Sunshine Coast,QLD
2024-12-13,Townsville,Townsville,QLD
2024-12-14,Benalla,Benalla,VIC
2024-12-14,Caulfield Heath,Caulfield,VIC
2024-12-14,Chinchilla,Chinchilla,QLD
2024-12-14,Eagle Farm,Eagle Farm,QLD
2024-12-14,Gawler,Gawler,SA
2024-12-14,Gladstone,Gladstone,QLD
2024-12-14,Gold Coast Poly,Gold Coast,QLD
2024-12-14,Healesville,Healesville,VIC
2024-12-14,Innisfail,Innisfail,QLD
2024-12-14,Mackay,Mackay,QLD
2024-12-14,Nanango,Nanango,QLD
2024-12-14,Stawell,Stawell,VIC
2024-12-14,Toowoomba,Toowoomba,QLD
2024-12-15,Bendigo,Bendigo,VIC
2024-12-15,Sunshine Coast,Sunshine Coast,QLD
2024-12-17,Bordertown,Bordertown,SA
2024-12-17,Cairns,Cairns,QLD
2024-12-17,Moe,Moe,VIC
2024-12-18,Caulfield Heath,Caulfield,VIC
2024-12-18,Ipswich,Ipswich,QLD
2024-12-18,Port Lincoln,Port Lincoln,SA
2024-12-19,Rockhampton,Rockhampton,QLD
2024-12-19,Seymour,Seymour,VIC
2024-12-20,Cranbourne,Cranbourne,VIC
2024-12-20,Gatton,Gatton,QLD
2024-12-20,Gold Coast,Gold Coast,QLD
2024-12-20,Oakbank,Oakbank,SA
2024-12-20,Yarra Glen,Yarra Glen,VIC
2024-12-21,Eagle Farm,Eagle Farm,QLD
2024-12-21,Ipswich,Ipswich,QLD
2024-12-21,Murray Bridge GH,Murray Bridge GH,SA
2024-12-21,Pakenham,Pakenham,VIC
2024-12-21,Toowoomba,Toowoomba,QLD
2024-12-21,Werribee,Werribee,VIC
2024-12-21,Woolamai,Woolamai,VIC
2024-12-22,Horsham,Horsham,VIC
2024-12-22,Mt Gambier,Mt Gambier,SA
2024-12-22,Sale,Sale,VIC
2024-12-22,Sunshine Coast,Sunshine Coast,QLD
2024-12-23,Mackay,Mackay,QLD
2024-12-23,Wangaratta,Wangaratta,VIC
2024-12-26,Caulfield Heath,Caulfield,VIC
2024-12-26,Drouin,Drouin,VIC
2024-12-26,Mareeba,Mareeba,QLD
2024-12-26,Morphettville Parks,Morphettville,SA
2024-12-26,Sunshine Coast,Sunshine Coast,QLD
2024-12-26,Warwick,Warwick,QLD
2024-12-27,Ipswich,Ipswich,QLD
2024-12-27,Mornington,Mornington,VIC
2024-12-27,Strathalbyn,Strathalbyn,SA
2024-12-28,Beaudesert,Beaudesert,QLD
2024-12-28,Cairns,Cairns,QLD
2024-12-28,Cranbourne,Cranbourne,VIC
2024-12-28,Eagle Farm,Eagle Farm,QLD
2024-12-28,Kerang,Kerang,VIC
2024-12-28,Moonee Valley,Moonee Valley,VIC
2024-12-28,Morphettville,Morphettville,SA
2024-12-28,Taroom,Taroom,QLD
2024-12-28,Toowoomba,Toowoomba,QLD
2024-12-28,Woolamai,Woolamai,VIC
2024-12-29,Nhill,Nhill,VIC
2024-12-29,Seymour,Seymour,VIC
2024-12-29,Sunshine Coast,Sunshine Coast,QLD
2024-12-30,Stony Creek,Stony Creek,VIC
2024-12-31,Echuca,Echuca,VIC
2024-12-31,Port Lincoln,Port Lincoln,SA
2024-12-31,Rockhampton,Rockhampton,QLD
2024-12-31,Warrnambool,Warrnambool,VIC
2025-01-01,Burrumbeet,Burrumbeet,VIC
2025-01-01,Flemington,Flemington,VIC
2025-01-01,Hanging Rock,Hanging Rock,VIC
2025-01-01,Merton,Merton,VIC
2025-01-01,Mornington,Mornington,VIC
2025-01-01,Murray Bridge GH,Murray Bridge GH,SA
2025-01-01,Sunshine Coast,Sunshine Coast,QLD
2025-01-01,Terang,Terang,VIC
2025-01-02,Kilcoy,Kilcoy,QLD
2025-01-02,Yarra Glen,Yarra Glen,VIC
2025-01-03,Mackay,Mackay,QLD
2025-01-03,Stawell,Stawell,VIC
2025-01-04,Bell,Bell,QLD
2025-01-04,Cranbourne,Cranbourne,VIC
2025-01-04,Geelong,Geelong,VIC
2025-01-04,Healesville,Healesville,VIC
2025-01-04,Ipswich,Ipswich,QLD
2025-01-04,Murray Bridge GH,Murray Bridge GH,SA
2025-01-04,Stony Creek,Stony Creek,VIC
2025-01-04,Sunshine Coast,Sunshine Coast,QLD
2025-01-04,Toowoomba,Toowoomba,QLD
2025-01-05,Mornington,Mornington,VIC
2025-01-05,Naracoorte,Naracoorte,SA
2025-01-05,Wodonga,Wodonga,VIC
2025-01-07,Hamilton,Hamilton,VIC
2025-01-07,Ipswich,Ipswich,QLD
2025-01-08,Eagle Farm,Eagle Farm,QLD
2025-01-08,Mornington,Mornington,VIC
2025-01-08,Oakbank,Oakbank,SA
2025-01-09,Rockhampton,Rockhampton,QLD
2025-01-09,Sale,Sale,VIC
2025-01-10,Pakenham,Pakenham,VIC
2025-01-10,Townsville,Townsville,QLD
2025-01-10,Werribee,Werribee,VIC
2025-01-11,Atherton,Atherton,QLD
2025-01-11,Cranbourne,Cranbourne,VIC
2025-01-11,Flemington,Flemington,VIC
2025-01-11,Gold Coast,Gold Coast,QLD
2025-01-11,Murray Bridge GH,Murray Bridge GH,SA
2025-01-11,Woolamai,Woolamai,VIC
2025-01-12,Mansfield,Mansfield,VIC
2025-01-12,Port Lincoln,Port Lincoln,SA
2025-01-12,Sunshine Coast Poly,Sunshine Coast,QLD
2025-01-12,Warrnambool,Warrnambool,VIC
2025-01-14,Emerald,Emerald,QLD
2025-01-14,Kilmore,Kilmore,VIC
2025-01-15,Geelong,Geelong,VIC
2025-01-15,Ipswich,Ipswich,QLD
2025-01-15,Strathalbyn,Strathalbyn,SA
2025-01-16,Beaudesert,Beaudesert,QLD
2025-01-16,Seymour,Seymour,VIC
2025-01-17,Dalby,Dalby,QLD
2025-01-17,Gold Coast,Gold Coast,QLD
2025-01-17,Pakenham,Pakenham,VIC
2025-01-17,Penola,Penola,SA
2025-01-17,Sunshine Coast,Sunshine Coast,QLD
2025-01-18,Camperdown,Camperdown,VIC
2025-01-18,Cranbourne,Cranbourne,VIC
2025-01-18,Eagle Farm,Eagle Farm,QLD
2025-01-18,Flemington,Flemington,VIC
2025-01-18,Kingscote,Kingscote,SA
2025-01-18,Murray Bridge GH,Murray Bridge GH,SA
2025-01-18,Townsville,Townsville,QLD
2025-01-18,Yea,Yea,VIC
2025-01-19,Benalla,Benalla,VIC
2025-01-19,Gatton,Gatton,QLD
2025-01-19,Mornington,Mornington,VIC
2025-01-21,Yarra Glen,Yarra Glen,VIC
2025-01-22,Doomben,Doomben,QLD
2025-01-22,Mornington,Mornington,VIC
2025-01-22,Port Lincoln,Port Lincoln,SA
2025-01-23,Pakenham,Pakenham,VIC
2025-01-23,Rockhampton,Rockhampton,QLD
2025-01-24,Bowen,Bowen,QLD
2025-01-24,Gold Coast,Gold Coast,QLD
2025-01-24,Kilmore,Kilmore,VIC
2025-01-24,Moonee Valley,Moonee Valley,VIC
2025-01-24,Murray Bridge GH,Murray Bridge GH,SA
2025-01-25,Great Western,Great Western,VIC
2025-01-25,Morphettville,Morphettville,SA
2025-01-25,Sandown-Lakeside,Sandown,VIC
2025-01-25,Sunshine Coast,Sunshine Coast,QLD
2025-01-25,Warwick,Warwick,QLD
2025-01-26,Balnarring,Balnarring,VIC
2025-01-26,Hanging Rock,Hanging Rock,VIC
2025-01-26,Ipswich,Ipswich,QLD
2025-01-26,Kilcoy,Kilcoy,QLD
2025-01-26,Moe,Moe,VIC
2025-01-26,Strathalbyn,Strathalbyn,SA
2025-01-26,Thangool,Thangool,QLD
2025-01-27,Doomben,Doomben,QLD
2025-01-28,Gatton,Gatton,QLD
2025-01-28,Geelong,Geelong,VIC
2025-01-28,Horsham,Horsham,VIC
2025-01-29,Ipswich,Ipswich,QLD
2025-01-29,Morphettville Parks,Morphettville,SA
2025-01-29,Sandown-Lakeside,Sandown,VIC
2025-01-30,Pakenham,Pakenham,VIC
2025-01-30,Rockhampton,Rockhampton,QLD
2025-01-31,Moonee Valley,Moonee Valley,VIC
2025-01-31,Sunshine Coast,Sunshine Coast,QLD
2025-01-31,Werribee,Werribee,VIC
2025-02-01,Bundaberg,Bundaberg,QLD
2025-02-01,Ceduna,Ceduna,SA
2025-02-01,Dalby,Dalby,QLD
2025-02-01,Doomben,Doomben,QLD
2025-02-01,Emerald,Emerald,QLD
2025-02-01,Gold Coast Poly,Gold Coast,QLD
2025-02-01,Healesville,Healesville,VIC
2025-02-01,Kyneton,Kyneton,VIC
2025-02-01,Morphettville Parks,Morphettville,SA
2025-02-01,Sandown-Hillside,Sandown,VIC
2025-02-01,Sandown-Lakeside,Sandown,VIC
2025-02-02,Benalla,Benalla,VIC
2025-02-02,Mt Gambier,Mt Gambier,SA
2025-02-02,Sale,Sale,VIC
2025-02-02,Sunshine Coast,Sunshine Coast,QLD
2025-02-04,Horsham,Horsham,VIC
2025-02-04,Warwick,Warwick,QLD
2025-02-05,Ipswich,Ipswich,QLD
2025-02-05,Murray Bridge GH,Murray Bridge GH,SA
2025-02-05,Sandown-Lakeside,Sandown,VIC
2025-02-06,Beaudesert,Beaudesert,QLD
2025-02-06,Pakenham,Pakenham,VIC
2025-02-06,Wangaratta,Wangaratta,VIC
2025-02-07,Colac,Colac,VIC
2025-02-07,Moonee Valley,Moonee Valley,VIC
2025-02-08,Caulfield,Caulfield,VIC
2025-02-08,Doomben,Doomben,QLD
2025-02-08,Gatton,Gatton,QLD
2025-02-08,Gold Coast,Gold Coast,QLD
2025-02-08,Miles,Miles,QLD
2025-02-08,Morphettville,Morphettville,SA
2025-02-08,Woolamai,Woolamai,VIC
2025-02-08,Yarra Glen,Yarra Glen,VIC
2025-02-09,Bendigo,Bendigo,VIC
2025-02-09,Lock,Lock,SA
2025-02-09,Sunshine Coast,Sunshine Coast,QLD
2025-02-10,Caulfield Heath,Caulfield,VIC
2025-02-11,Kilmore,Kilmore,VIC
2025-02-12,Ipswich,Ipswich,QLD
2025-02-12,Seymour,Seymour,VIC
2025-02-13,Oakbank,Oakbank,SA
2025-02-13,Pakenham,Pakenham,VIC
2025-02-13,Townsville,Townsville,QLD
2025-02-14,Clare,Clare,SA
2025-02-14,Moonee Valley,Moonee Valley,VIC
2025-02-14,Rockhampton,Rockhampton,QLD
2025-02-14,Sunshine Coast,Sunshine Coast,QLD
2025-02-14,Terang,Terang,VIC
2025-02-15,Bendigo,Bendigo,VIC
2025-02-15,Cairns,Cairns,QLD
2025-02-15,Eagle Farm,Eagle Farm,QLD
2025-02-15,Flemington,Flemington,VIC
2025-02-15,Gayndah,Gayndah,QLD
2025-02-15,Gold Coast,Gold Coast,QLD
2025-02-15,Morphettville Parks,Morphettville,SA
2025-02-15,Roma,Roma,QLD
2025-02-16,Ararat,Ararat,VIC
2025-02-16,Benalla,Benalla,VIC
2025-02-16,Naracoorte,Naracoorte,SA
2025-02-16,Toowoomba,Toowoomba,QLD
2025-02-17,Thangool,Thangool,QLD
2025-02-18,Kilcoy,Kilcoy,QLD
2025-02-18,Kyneton,Kyneton,VIC
2025-02-19,Ipswich,Ipswich,QLD
2025-02-19,Sandown-Lakeside,Sandown,VIC
2025-02-19,Strathalbyn,Strathalbyn,SA
2025-02-20,Kingscote,Kingscote,SA
2025-02-20,Pakenham,Pakenham,VIC
2025-02-20,Townsville,Townsville,QLD
2025-02-21,Kilmore,Kilmore,VIC
2025-02-21,Mackay,Mackay,QLD
2025-02-21,Moonee Valley,Moonee Valley,VIC
2025-02-22,Blackall,Blackall,QLD
2025-02-22,Caulfield,Caulfield,VIC
2025-02-22,Dederang,Dederang,VIC
2025-02-22,Doomben,Doomben,QLD
2025-02-22,Gold Coast,Gold Coast,QLD
2025-02-22,Goondiwindi,Goondiwindi,QLD
2025-02-22,Kingscote,Kingscote,SA
2025-02-22,Morphettville,Morphettville,SA
2025-02-22,Mt Isa,Mt Isa,QLD
2025-02-22,Toowoomba,Toowoomba,QLD
2025-02-22,Yarra Glen,Yarra Glen,VIC
2025-02-23,Balaklava,Balaklava,SA
2025-02-23,Ballarat,Ballarat,VIC
2025-02-23,Moe,Moe,VIC
2025-02-23,Sunshine Coast,Sunshine Coast,QLD
2025-02-23,Yea,Yea,VIC
2025-02-25,Rockhampton,Rockhampton,QLD
2025-02-25,Sale,Sale,VIC
2025-02-26,Doomben,Doomben,QLD
2025-02-26,Port Lincoln,Port Lincoln,SA
2025-02-26,Sandown-Hillside,Sandown,VIC
2025-02-27,Kyneton,Kyneton,VIC
2025-02-27,Pakenham,Pakenham,VIC
2025-02-27,Townsville,Townsville,QLD
2025-02-28,Gatton,Gatton,QLD
2025-02-28,Moonee Valley,Moonee Valley,VIC
2025-02-28,Port Lincoln,Port Lincoln,SA
2025-02-28,Sunshine Coast,Sunshine Coast,QLD
2025-02-28,Terang,Terang,VIC
2025-03-01,Eagle Farm,Eagle Farm,QLD
2025-03-01,Flemington,Flemington,VIC
2025-03-01,Gympie,Gympie,QLD
2025-03-01,Home Hill,Home Hill,QLD
2025-03-01,Ipswich,Ipswich,QLD
2025-03-01,Morphettville Parks,Morphettville,SA
2025-03-01,Toowoomba,Toowoomba,QLD
2025-03-01,Wandoan,Wandoan,QLD
2025-03-01,Wangaratta,Wangaratta,VIC
2025-03-01,Woolamai,Woolamai,VIC
2025-03-02,Bendigo,Bendigo,VIC
2025-03-02,Charleville,Charleville,QLD
2025-03-02,Colac,Colac,VIC
2025-03-02,Penola,Penola,SA
2025-03-02,Warwick,Warwick,QLD
2025-03-03,Cairns,Cairns,QLD
2025-03-04,Ararat,Ararat,VIC
2025-03-04,Rockhampton,Rockhampton,QLD
2025-03-05,Oakbank,Oakbank,SA
2025-03-05,Sandown-Hillside,Sandown,VIC
2025-03-06,Pakenham,Pakenham,VIC
2025-03-06,Townsville,Townsville,QLD
2025-03-07,Ballarat,Ballarat,VIC
2025-03-07,Moonee Valley,Moonee Valley,VIC
2025-03-08,Barcaldine,Barcaldine,QLD
2025-03-08,Edenhope,Edenhope,VIC
2025-03-08,Flemington,Flemington,VIC
2025-03-08,Gladstone,Gladstone,QLD
2025-03-08,Innisfail,Innisfail,QLD
2025-03-08,Mt Isa,Mt Isa,QLD
2025-03-08,Murray Bridge GH,Murray Bridge GH,SA
2025-03-08,St George,St George,QLD
2025-03-08,Toowoomba,Toowoomba,QLD
2025-03-08,Towong,Towong,VIC
2025-03-09,Balnarring,Balnarring,VIC
2025-03-09,Echuca,Echuca,VIC
2025-03-09,Stony Creek,Stony Creek,VIC
2025-03-10,Mackay,Mackay,QLD
2025-03-10,Morphettville,Morphettville,SA
2025-03-10,Warrnambool,Warrnambool,VIC
2025-03-12,Eagle Farm,Eagle Farm,QLD
2025-03-12,Sandown-Hillside,Sandown,VIC
2025-03-12,Strathalbyn,Strathalbyn,SA
2025-03-13,Ipswich,Ipswich,QLD
2025-03-13,Pakenham,Pakenham,VIC
2025-03-13,Wangaratta,Wangaratta,VIC
2025-03-14,Cranbourne,Cranbourne,VIC
2025-03-14,Kilmore,Kilmore,VIC
2025-03-14,Sunshine Coast,Sunshine Coast,QLD
2025-03-14,Townsville,Townsville,QLD
2025-03-15,Alexandra,Alexandra,VIC
2025-03-15,Bundaberg,Bundaberg,QLD
2025-03-15,Caulfield,Caulfield,VIC
2025-03-15,Chinchilla,Chinchilla,QLD
2025-03-15,Eagle Farm,Eagle Farm,QLD
2025-03-15,Geelong,Geelong,VIC
2025-03-15,Gold Coast,Gold Coast,QLD
2025-03-15,Mareeba,Mareeba,QLD
2025-03-15,Morphettville Parks,Morphettville,SA
2025-03-15,Mt Isa,Mt Isa,QLD
2025-03-15,Rockhampton,Rockhampton,QLD
2025-03-15,Toowoomba,Toowoomba,QLD
2025-03-16,Port Lincoln,Port Lincoln,SA
2025-03-16,Sunshine Coast,Sunshine Coast,QLD
2025-03-16,Swan Hill,Swan Hill,VIC
2025-03-16,Yarra Glen,Yarra Glen,VIC
2025-03-17,Beaudesert,Beaudesert,QLD
2025-03-18,Bendigo,Bendigo,VIC
2025-03-18,Mackay,Mackay,QLD
2025-03-19,Doomben,Doomben,QLD
2025-03-19,Oakbank,Oakbank,SA
2025-03-19,Sandown-Hillside,Sandown,VIC
2025-03-20,Kyneton,Kyneton,VIC
2025-03-20,Pakenham,Pakenham,VIC
2025-03-21,Cranbourne,Cranbourne,VIC
2025-03-21,Ipswich,Ipswich,QLD
2025-03-21,Mt Gambier,Mt Gambier,SA
2025-03-21,Terang,Terang,VIC
2025-03-22,Benalla,Benalla,VIC
2025-03-22,Dalby,Dalby,QLD
2025-03-22,Eagle Farm,Eagle Farm,QLD
2025-03-22,Gold Coast,Gold Coast,QLD
2025-03-22,Healesville,Healesville,VIC
2025-03-22,Moonee Valley,Moonee Valley,VIC
2025-03-22,Morphettville Parks,Morphettville,SA
2025-03-22,Mt Isa,Mt Isa,QLD
2025-03-22,Springsure,Springsure,QLD
2025-03-22,Streaky Bay,Streaky Bay,SA
2025-03-22,Townsville,Townsville,QLD
2025-03-23,Bairnsdale,Bairnsdale,VIC
2025-03-23,Geelong,Geelong,VIC
2025-03-23,Longreach,Longreach,QLD
2025-03-23,Sunshine Coast,Sunshine Coast,QLD
2025-03-25,Ballarat,Ballarat,VIC
2025-03-25,Rockhampton,Rockhampton,QLD
2025-03-26,Eagle Farm,Eagle Farm,QLD
2025-03-26,Sandown-Hillside,Sandown,VIC
2025-03-26,Strathalbyn,Strathalbyn,SA
2025-03-27,Ararat,Ararat,VIC
2025-03-27,Pakenham,Pakenham,VIC
2025-03-27,Townsville,Townsville,QLD
2025-03-28,Cranbourne,Cranbourne,VIC
2025-03-28,Toowoomba,Toowoomba,QLD
2025-03-28,Warrnambool,Warrnambool,VIC
2025-03-29,Avoca,Avoca,VIC
2025-03-29,Balnarring,Balnarring,VIC
2025-03-29,Flemington,Flemington,VIC
2025-03-29,Gold Coast Poly,Gold Coast,QLD
2025-03-29,Mareeba,Mareeba,QLD
2025-03-29,Monto,Monto,QLD
2025-03-29,Morphettville,Morphettville,SA
2025-03-29,Roma,Roma,QLD
2025-03-30,Port Lincoln,Port Lincoln,SA
2025-03-30,Sale,Sale,VIC
2025-03-30,Sunshine Coast Poly,Sunshine Coast,QLD
2025-03-31,Yarra Glen,Yarra Glen,VIC
2025-04-01,Doomben,Doomben,QLD
2025-04-01,Geelong,Geelong,VIC
2025-04-01,Mackay,Mackay,QLD
2025-04-02,Balaklava,Balaklava,SA
2025-04-02,Ballarat,Ballarat,VIC
2025-04-03,Pakenham,Pakenham,VIC
2025-04-04,Cranbourne,Cranbourne,VIC
2025-04-04,Doomben,Doomben,QLD
2025-04-04,Swan Hill,Swan Hill,VIC
2025-04-04,Townsville,Townsville,QLD
2025-04-05,Alexandra,Alexandra,VIC
2025-04-05,Caulfield,Caulfield,VIC
2025-04-05,Eagle Farm,Eagle Farm,QLD
2025-04-05,Gold Coast Poly,Gold Coast,QLD
2025-04-05,Gympie,Gympie,QLD
2025-04-05,Innisfail,Innisfail,QLD
2025-04-05,Kilmore,Kilmore,VIC
2025-04-05,Morphettville Parks,Morphettville,SA
2025-04-05,Toowoomba,Toowoomba,QLD
2025-04-06,Ballarat,Ballarat,VIC
2025-04-06,Ballarat Synthetic,Ballarat,VIC
2025-04-06,Mornington,Mornington,VIC
2025-04-06,Mt Isa,Mt Isa,QLD
2025-04-06,Naracoorte,Naracoorte,SA
2025-04-06,Sunshine Coast,Sunshine Coast,QLD
2025-04-07,Donald,Donald,VIC
2025-04-08,Dalby,Dalby,QLD
2025-04-08,Sale,Sale,VIC
2025-04-09,Ipswich,Ipswich,QLD
2025-04-09,Murray Bridge GH,Murray Bridge GH,SA
2025-04-09,Sandown-Lakeside,Sandown,VIC
2025-04-10,Cairns,Cairns,QLD
2025-04-10,Kyneton,Kyneton,VIC
2025-04-10,Pakenham,Pakenham,VIC
2025-04-11,Cranbourne,Cranbourne,VIC
2025-04-11,Geelong,Geelong,VIC
2025-04-11,Gold Coast,Gold Coast,QLD
2025-04-11,Rockhampton,Rockhampton,QLD
2025-04-11,Strathalbyn,Strathalbyn,SA
2025-04-12,Balnarring,Balnarring,VIC
2025-04-12,Bendigo,Bendigo,VIC
2025-04-12,Blackall,Blackall,QLD
2025-04-12,Bowen,Bowen,QLD
2025-04-12,Doomben,Doomben,QLD
2025-04-12,Goondiwindi,Goondiwindi,QLD
2025-04-12,Kilcoy,Kilcoy,QLD
2025-04-12,Morphettville,Morphettville,SA
2025-04-12,Mt Isa,Mt Isa,QLD
2025-04-12,Rockhampton,Rockhampton,QLD
2025-04-12,Toowoomba,Toowoomba,QLD
2025-04-12,Werribee,Werribee,VIC
2025-04-13,Pakenham,Pakenham,VIC
2025-04-13,Sunshine Coast Poly,Sunshine Coast,QLD
2025-04-13,Terang,Terang,VIC
2025-04-14,Benalla,Benalla,VIC
2025-04-14,Mackay,Mackay,QLD
2025-04-15,Seymour,Seymour,VIC
2025-04-15,Townsville,Townsville,QLD
2025-04-16,Balaklava,Balaklava,SA
2025-04-16,Caulfield Heath,Caulfield,VIC
2025-04-16,Doomben,Doomben,QLD
2025-04-17,Kilmore,Kilmore,VIC
2025-04-17,Pakenham,Pakenham,VIC
2025-04-17,Toowoomba,Toowoomba,QLD
2025-04-18,Cranbourne,Cranbourne,VIC
2025-04-18,Echuca,Echuca,VIC
2025-04-19,Barcaldine,Barcaldine,QLD
2025-04-19,Cairns,Cairns,QLD
2025-04-19,Clare,Clare,SA
2025-04-19,Eagle Farm,Eagle Farm,QLD
2025-04-19,Eidsvold,Eidsvold,QLD
2025-04-19,Emerald,Emerald,QLD
2025-04-19,Flinton,Flinton,QLD
2025-04-19,Gladstone,Gladstone,QLD
2025-04-19,Gold Coast Poly,Gold Coast,QLD
2025-04-19,Kerang,Kerang,VIC
2025-04-19,Mornington,Mornington,VIC
2025-04-19,Oakbank,Oakbank,SA
2025-04-19,Roma,Roma,QLD
2025-04-19,Warracknabeal,Warracknabeal,VIC
2025-04-20,Mt Isa,Mt Isa,QLD
2025-04-20,Penola,Penola,SA
2025-04-20,Sale,Sale,VIC
2025-04-20,Sunshine Coast,Sunshine Coast,QLD
2025-04-20,Swifts Creek,Swifts Creek,VIC
2025-04-21,Augathella,Augathella,QLD
2025-04-21,Ipswich,Ipswich,QLD
2025-04-21,Oakbank,Oakbank,SA
2025-04-21,Sandown-Lakeside,Sandown,VIC
2025-04-22,Rockhampton,Rockhampton,QLD
2025-04-22,Wodonga,Wodonga,VIC
2025-04-23,Doomben,Doomben,QLD
2025-04-23,Geelong,Geelong,VIC
2025-04-24,Bendigo,Bendigo,VIC
2025-04-24,Ipswich,Ipswich,QLD
2025-04-24,Pakenham,Pakenham,VIC
2025-04-25,Balaklava,Balaklava,SA
2025-04-25,Beaudesert,Beaudesert,QLD
2025-04-25,Cunnamulla,Cunnamulla,QLD
2025-04-25,Flemington,Flemington,VIC
2025-04-25,Moe,Moe,VIC
2025-04-25,Wondai,Wondai,QLD
2025-04-26,Dalby,Dalby,QLD
2025-04-26,Eagle Farm,Eagle Farm,QLD
2025-04-26,Gold Coast Poly,Gold Coast,QLD
2025-04-26,Horsham,Horsham,VIC
2025-04-26,Innisfail,Innisfail,QLD
2025-04-26,Longreach,Longreach,QLD
2025-04-26,Moonee Valley,Moonee Valley,VIC
2025-04-26,Morphettville,Morphettville,SA
2025-04-26,Mt Isa,Mt Isa,QLD
2025-04-26,Yeppoon,Yeppoon,QLD
2025-04-27,Ballarat,Ballarat,VIC
2025-04-27,Seymour,Seymour,VIC
2025-04-27,Toowoomba,Toowoomba,QLD
2025-04-27,Townsville,Townsville,QLD
2025-04-28,Mornington,Mornington,VIC
2025-04-28,Thangool,Thangool,QLD
2025-04-29,Gatton,Gatton,QLD
2025-04-29,Warrnambool,Warrnambool,VIC
2025-04-30,Ipswich,Ipswich,QLD
2025-04-30,Murray Bridge GH,Murray Bridge GH,SA
2025-04-30,Warrnambool,Warrnambool,VIC
2025-05-01,Mackay,Mackay,QLD
2025-05-01,Warrnambool,Warrnambool,VIC
2025-05-02,Bordertown,Bordertown,SA
2025-05-02,Cranbourne,Cranbourne,VIC
2025-05-02,Mt Garnet,Mt Garnet,QLD
2025-05-02,Wangaratta,Wangaratta,VIC
2025-05-02,Warwick,Warwick,QLD
2025-05-03,Barcaldine,Barcaldine,QLD
2025-05-03,Caulfield,Caulfield,VIC
2025-05-03,Donald,Donald,VIC
2025-05-03,Eagle Farm,Eagle Farm,QLD
2025-05-03,Gregory Downs,Gregory Downs,QLD
2025-05-03,Jandowae,Jandowae,QLD
2025-05-03,Morphettville,Morphettville,SA
2025-05-03,Mt Garnet,Mt Garnet,QLD
2025-05-03,Sunshine Coast,Sunshine Coast,QLD
2025-05-03,Toowoomba,Toowoomba,QLD
2025-05-04,Rockhampton,Rockhampton,QLD
2025-05-04,Sale,Sale,VIC
2025-05-05,Ipswich,Ipswich,QLD
2025-05-05,Kilmore,Kilmore,VIC
2025-05-06,Bendigo,Bendigo,VIC
2025-05-06,Townsville,Townsville,QLD
2025-05-07,Caulfield Heath,Caulfield,VIC
2025-05-07,Eagle Farm,Eagle Farm,QLD
2025-05-07,Oakbank,Oakbank,SA
2025-05-08,Kyneton,Kyneton,VIC
2025-05-08,Mackay,Mackay,QLD
2025-05-08,Pakenham,Pakenham,VIC
2025-05-09,Cranbourne,Cranbourne,VIC
2025-05-09,Gatton,Gatton,QLD
2025-05-09,Geelong,Geelong,VIC
2025-05-09,Mt Gambier,Mt Gambier,SA
2025-05-10,Ararat,Ararat,VIC
2025-05-10,Burrandowan,Burrandowan,QLD
2025-05-10,Caulfield,Caulfield,VIC
2025-05-10,Gold Coast,Gold Coast,QLD
2025-05-10,Gordonvale,Gordonvale,QLD
2025-05-10,Ipswich,Ipswich,QLD
2025-05-10,Morphettville,Morphettville,SA
2025-05-10,Mt Isa,Mt Isa,QLD
2025-05-10,Quilpie,Quilpie,QLD
2025-05-10,Toowoomba,Toowoomba,QLD
2025-05-11,Ballarat,Ballarat,VIC
2025-05-11,Bowen,Bowen,QLD
2025-05-11,Longreach,Longreach,QLD
2025-05-11,Port Augusta,Port Augusta,SA
2025-05-11,Sunshine Coast Poly,Sunshine Coast,QLD
2025-05-12,Mornington,Mornington,VIC
2025-05-13,Moe,Moe,VIC
2025-05-13,Rockhampton,Rockhampton,QLD
2025-05-14,Bendigo,Bendigo,VIC
2025-05-14,Ipswich,Ipswich,QLD
2025-05-14,Murray Bridge GH,Murray Bridge GH,SA
2025-05-15,Cairns,Cairns,QLD
2025-05-15,Pakenham,Pakenham,VIC
2025-05-15,Wangaratta,Wangaratta,VIC
2025-05-16,Cranbourne,Cranbourne,VIC
2025-05-16,Townsville,Townsville,QLD
2025-05-16,Werribee,Werribee,VIC
2025-05-17,Charleville,Charleville,QLD
2025-05-17,Doomben,Doomben,QLD
2025-05-17,Echuca,Echuca,VIC
2025-05-17,Emerald,Emerald,QLD
2025-05-17,Flemington,Flemington,VIC
2025-05-17,Gold Coast Poly,Gold Coast,QLD
2025-05-17,Home Hill,Home Hill,QLD
2025-05-17,Hughenden,Hughenden,QLD
2025-05-17,Morphettville Parks,Morphettville,SA
2025-05-17,Nanango,Nanango,QLD
2025-05-17,Toowoomba,Toowoomba,QLD
2025-05-18,Casterton,Casterton,VIC
2025-05-18,Sale,Sale,VIC
2025-05-18,Strathalbyn,Strathalbyn,SA
2025-05-18,Sunshine Coast Poly,Sunshine Coast,QLD
2025-05-19,Horsham,Horsham,VIC
2025-05-20,Barcaldine,Barcaldine,QLD
2025-05-20,Kilmore,Kilmore,VIC
2025-05-21,Balaklava,Balaklava,SA
2025-05-21,Ipswich,Ipswich,QLD
2025-05-21,Sandown-Hillside,Sandown,VIC
2025-05-22,Ballarat Synthetic,Ballarat,VIC
2025-05-22,Pakenham,Pakenham,VIC
2025-05-22,Rockhampton,Rockhampton,QLD
2025-05-23,Cranbourne,Cranbourne,VIC
2025-05-23,Gatton,Gatton,QLD
2025-05-23,Geelong,Geelong,VIC
2025-05-23,Gold Coast,Gold Coast,QLD
2025-05-23,Port Augusta,Port Augusta,SA
2025-05-24,Chinchilla,Chinchilla,QLD
2025-05-24,Doomben,Doomben,QLD
2025-05-24,Gladstone,Gladstone,QLD
2025-05-24,Longreach,Longreach,QLD
2025-05-24,Mackay,Mackay,QLD
2025-05-24,Mareeba,Mareeba,QLD
2025-05-24,Mt Isa,Mt Isa,QLD
2025-05-24,Murray Bridge GH,Murray Bridge GH,SA
2025-05-24,Sandown-Hillside,Sandown,VIC
2025-05-24,Toowoomba,Toowoomba,QLD
2025-05-24,Wodonga,Wodonga,VIC
2025-05-25,Ballarat,Ballarat,VIC
2025-05-25,Mildura,Mildura,VIC
2025-05-25,Mt Gambier,Mt Gambier,SA
2025-05-25,Sunshine Coast,Sunshine Coast,QLD
2025-05-26,Beaudesert,Beaudesert,QLD
2025-05-26,Mornington,Mornington,VIC
2025-05-27,Seymour,Seymour,VIC
2025-05-27,Townsville,Townsville,QLD
2025-05-28,Doomben,Doomben,QLD
2025-05-28,Gawler,Gawler,SA
2025-05-28,Sale,Sale,VIC
2025-05-29,Cairns,Cairns,QLD
2025-05-29,Hamilton,Hamilton,VIC
2025-05-29,Pakenham,Pakenham,VIC
2025-05-30,Bendigo,Bendigo,VIC
2025-05-30,Cranbourne,Cranbourne,VIC
2025-05-30,Rockhampton,Rockhampton,QLD
2025-05-30,Sunshine Coast,Sunshine Coast,QLD
2025-05-31,Bowen,Bowen,QLD
2025-05-31,Caulfield,Caulfield,VIC
2025-05-31,Cloncurry,Cloncurry,QLD
2025-05-31,Eagle Farm,Eagle Farm,QLD
2025-05-31,Goondiwindi,Goondiwindi,QLD
2025-05-31,Hawker,Hawker,SA
2025-05-31,Ipswich,Ipswich,QLD
2025-05-31,Morphettville,Morphettville,SA
2025-05-31,Tambo,Tambo,QLD
2025-05-31,Toowoomba,Toowoomba,QLD
2025-05-31,Werribee,Werribee,VIC
2025-06-01,Moe,Moe,VIC
2025-06-01,Penola,Penola,SA
2025-06-01,Sandown-Lakeside,Sandown,VIC
2025-06-02,Pakenham Synthetic,Pakenham,VIC
2025-06-03,Dalby,Dalby,QLD
2025-06-03,Echuca,Echuca,VIC
2025-06-04,Balaklava,Balaklava,SA
2025-06-04,Doomben,Doomben,QLD
2025-06-04,Sandown-Lakeside,Sandown,VIC
2025-06-05,Geelong,Geelong,VIC
2025-06-05,Mackay,Mackay,QLD
2025-06-06,Ipswich,Ipswich,QLD
2025-06-06,Swan Hill,Swan Hill,VIC
2025-06-07,Barcaldine,Barcaldine,QLD
2025-06-07,Cunnamulla,Cunnamulla,QLD
2025-06-07,Eagle Farm,Eagle Farm,QLD
2025-06-07,Flemington,Flemington,VIC
2025-06-07,Gayndah,Gayndah,QLD
2025-06-07,Gold Coast,Gold Coast,QLD
2025-06-07,Moranbah,Moranbah,QLD
2025-06-07,Morphettville Parks,Morphettville,SA
2025-06-07,Mt Isa,Mt Isa,QLD
2025-06-07,Swan Hill,Swan Hill,VIC
2025-06-07,Toowoomba,Toowoomba,QLD
2025-06-07,Townsville,Townsville,QLD
2025-06-08,Casterton,Casterton,VIC
2025-06-08,Port Augusta,Port Augusta,SA
2025-06-08,Sunshine Coast,Sunshine Coast,QLD
2025-06-08,Swan Hill,Swan Hill,VIC
2025-06-09,Cairns,Cairns,QLD
2025-06-09,Gawler,Gawler,SA
2025-06-09,Mornington,Mornington,VIC
2025-06-10,Seymour,Seymour,VIC
2025-06-10,Thangool,Thangool,QLD
2025-06-11,Ballarat Synthetic,Ballarat,VIC
2025-06-11,Doomben,Doomben,QLD
2025-06-11,Mt Gambier,Mt Gambier,SA
2025-06-12,Sale,Sale,VIC
2025-06-12,Townsville,Townsville,QLD
2025-06-13,Ballarat Synthetic,Ballarat,VIC
2025-06-13,Gatton,Gatton,QLD
2025-06-14,Atherton,Atherton,QLD
2025-06-14,Bendigo,Bendigo,VIC
2025-06-14,Eagle Farm,Eagle Farm,QLD
2025-06-14,Gold Coast,Gold Coast,QLD
2025-06-14,Gympie,Gympie,QLD
2025-06-14,Injune,Injune,QLD
2025-06-14,Murray Bridge GH,Murray Bridge GH,SA
2025-06-14,Richmond,Richmond,QLD
2025-06-14,Rockhampton,Rockhampton,QLD
2025-06-14,Sandown-Hillside,Sandown,VIC
2025-06-14,Toowoomba,Toowoomba,QLD
2025-06-15,Sunshine Coast,Sunshine Coast,QLD
2025-06-15,Terang,Terang,VIC
2025-06-15,Wangaratta,Wangaratta,VIC
2025-06-16,Longreach,Longreach,QLD
2025-06-16,Pakenham Synthetic,Pakenham,VIC
2025-06-17,Ballarat Synthetic,Ballarat,VIC
2025-06-18,Balaklava,Balaklava,SA
2025-06-18,Doomben,Doomben,QLD
2025-06-18,Sandown-Hillside,Sandown,VIC
2025-06-19,Kilcoy,Kilcoy,QLD
2025-06-19,Moe,Moe,VIC
2025-06-20,Geelong,Geelong,VIC
2025-06-20,Rockhampton,Rockhampton,QLD
2025-06-21,Bundaberg,Bundaberg,QLD
2025-06-21,Clermont,Clermont,QLD
2025-06-21,Donald,Donald,VIC
2025-06-21,Flemington,Flemington,VIC
2025-06-21,Gold Coast,Gold Coast,QLD
2025-06-21,Innisfail,Innisfail,QLD
2025-06-21,Ipswich,Ipswich,QLD
2025-06-21,McKinlay,McKinlay,QLD
2025-06-21,Morphettville,Morphettville,SA
2025-06-21,Roma,Roma,QLD
2025-06-21,Warwick,Warwick,QLD
2025-06-22,Cranbourne,Cranbourne,VIC
2025-06-22,Echuca,Echuca,VIC
2025-06-22,Port Augusta,Port Augusta,SA
2025-06-22,Sunshine Coast,Sunshine Coast,QLD
2025-06-23,Pakenham Synthetic,Pakenham,VIC
2025-06-23,Toowoomba,Toowoomba,QLD
2025-06-24,Ballarat Synthetic,Ballarat,VIC
2025-06-24,Cairns,Cairns,QLD
2025-06-25,Doomben,Doomben,QLD
2025-06-25,Gawler,Gawler,SA
2025-06-25,Sale,Sale,VIC
2025-06-26,Bendigo,Bendigo,VIC
2025-06-26,Dalby,Dalby,QLD
2025-06-27,Ballarat Synthetic,Ballarat,VIC
2025-06-27,Bordertown,Bordertown,SA
2025-06-27,Mackay,Mackay,QLD
2025-06-27,Warracknabeal,Warracknabeal,VIC
2025-06-28,Alpha,Alpha,QLD
2025-06-28,Caulfield,Caulfield,VIC
2025-06-28,Eagle Farm,Eagle Farm,QLD
2025-06-28,Gatton,Gatton,QLD
2025-06-28,Gladstone,Gladstone,QLD
2025-06-28,Home Hill,Home Hill,QLD
2025-06-28,Laura,Laura,QLD
2025-06-28,Morphettville Parks,Morphettville,SA
2025-06-28,Mt Isa,Mt Isa,QLD
2025-06-28,Wodonga,Wodonga,VIC
2025-06-29,Ballarat,Ballarat,VIC
2025-06-29,Casterton,Casterton,VIC
2025-06-29,Townsville,Townsville,QLD
2025-06-30,Pakenham Synthetic,Pakenham,VIC
2025-07-01,Ballarat Synthetic,Ballarat,VIC
2025-07-02,Eagle Farm,Eagle Farm,QLD
2025-07-02,Murray Bridge GH,Murray Bridge GH,SA
2025-07-02,Sandown-Lakeside,Sandown,VIC
2025-07-03,Ipswich,Ipswich,QLD
2025-07-04,Ballarat Synthetic,Ballarat,VIC
2025-07-04,Rockhampton,Rockhampton,QLD
2025-07-04,Toowoomba,Toowoomba,QLD
2025-07-05,Charleville,Charleville,QLD
2025-07-05,Flemington,Flemington,VIC
2025-07-05,Gawler,Gawler,SA
2025-07-05,Gold Coast,Gold Coast,QLD
2025-07-05,Mareeba,Mareeba,QLD
2025-07-05,Rockhampton,Rockhampton,QLD
2025-07-05,Sunshine Coast,Sunshine Coast,QLD
2025-07-05,Wangaratta,Wangaratta,VIC
2025-07-05,Winton,Winton,QLD
2025-07-05,Wondai,Wondai,QLD
2025-07-06,Kilcoy,Kilcoy,QLD
2025-07-06,Port Augusta,Port Augusta,SA
2025-07-06,Sale,Sale,VIC
2025-07-06,Townsville,Townsville,QLD
2025-07-06,Warrnambool,Warrnambool,VIC
2025-07-07,Barcaldine,Barcaldine,QLD
2025-07-07,Pakenham Synthetic,Pakenham,VIC
2025-07-08,Ballarat Synthetic,Ballarat,VIC
2025-07-08,Beaudesert,Beaudesert,QLD
2025-07-09,Balaklava,Balaklava,SA
2025-07-09,Ipswich,Ipswich,QLD
2025-07-09,Sandown-Lakeside,Sandown,VIC
2025-07-10,Gatton,Gatton,QLD
2025-07-11,Geelong,Geelong,VIC
2025-07-11,Mackay,Mackay,QLD
2025-07-11,Moe,Moe,VIC
2025-07-11,Mt Gambier,Mt Gambier,SA
2025-07-12,Bluff,Bluff,QLD
2025-07-12,Caulfield,Caulfield,VIC
2025-07-12,Doomben,Doomben,QLD
2025-07-12,Esk,Esk,QLD
2025-07-12,Gold Coast,Gold Coast,QLD
2025-07-12,Ilfracombe,Ilfracombe,QLD
2025-07-12,Ingham,Ingham,QLD
2025-07-12,Murray Bridge GH,Murray Bridge GH,SA
2025-07-12,Roma,Roma,QLD
2025-07-12,Toowoomba,Toowoomba,QLD
2025-07-12,Warracknabeal,Warracknabeal,VIC
2025-07-13,Bendigo,Bendigo,VIC
2025-07-13,Kilmore,Kilmore,VIC
2025-07-13,Sunshine Coast,Sunshine Coast,QLD
2025-07-14,Mt Isa,Mt Isa,QLD
2025-07-14,Pakenham Synthetic,Pakenham,VIC
2025-07-15,Ballarat Synthetic,Ballarat,VIC
2025-07-15,Cairns,Cairns,QLD
2025-07-16,Doomben,Doomben,QLD
2025-07-16,Gawler,Gawler,SA
2025-07-16,Sandown-Hillside,Sandown,VIC
2025-07-17,Cranbourne,Cranbourne,VIC
2025-07-17,Ipswich,Ipswich,QLD
2025-07-18,Mildura,Mildura,VIC
2025-07-18,Rockhampton,Rockhampton,QLD
2025-07-19,Eagle Farm,Eagle Farm,QLD
2025-07-19,Flemington,Flemington,VIC
2025-07-19,Gold Coast,Gold Coast,QLD
2025-07-19,Goondiwindi,Goondiwindi,QLD
2025-07-19,Gympie,Gympie,QLD
2025-07-19,Hughenden,Hughenden,QLD
2025-07-19,Mildura,Mildura,VIC
2025-07-19,Morphettville Parks,Morphettville,SA
2025-07-19,Thangool,Thangool,QLD
2025-07-19,Toowoomba,Toowoomba,QLD
2025-07-19,Townsville,Townsville,QLD
2025-07-20,Hamilton,Hamilton,VIC
2025-07-20,Port Augusta,Port Augusta,SA
2025-07-20,Seymour,Seymour,VIC
2025-07-20,Sunshine Coast,Sunshine Coast,QLD
2025-07-21,Bairnsdale,Bairnsdale,VIC
2025-07-21,Blackall,Blackall,QLD
2025-07-22,Ballarat Synthetic,Ballarat,VIC
2025-07-23,Eagle Farm,Eagle Farm,QLD
2025-07-23,Murray Bridge GH,Murray Bridge GH,SA
2025-07-23,Sandown-Hillside,Sandown,VIC
2025-07-24,Cairns,Cairns,QLD
2025-07-24,Warrnambool,Warrnambool,VIC
2025-07-25,Echuca,Echuca,VIC
2025-07-25,Geelong,Geelong,VIC
2025-07-25,Sunshine Coast,Sunshine Coast,QLD
2025-07-26,Atherton,Atherton,QLD
2025-07-26,Bundaberg,Bundaberg,QLD
2025-07-26,Caulfield,Caulfield,VIC
2025-07-26,Doomben,Doomben,QLD
2025-07-26,Mackay,Mackay,QLD
2025-07-26,Middlemount,Middlemount,QLD
2025-07-26,Morphettville,Morphettville,SA
2025-07-26,Murtoa,Murtoa,VIC
2025-07-27,Ballarat Synthetic,Ballarat,VIC
2025-07-27,Casterton,Casterton,VIC
2025-07-28,Pakenham Synthetic,Pakenham,VIC
2025-07-28,Toowoomba,Toowoomba,QLD
2025-07-29,Rockhampton,Rockhampton,QLD
2025-07-29,Swan Hill,Swan Hill,VIC
2025-07-30,Balaklava,Balaklava,SA
2025-07-30,Doomben,Doomben,QLD
2025-07-30,Sandown-Hillside,Sandown,VIC
2025-07-31,Ipswich,Ipswich,QLD
2025-07-31,Sale,Sale,VIC
2025-08-01,Cranbourne,Cranbourne,VIC
2025-08-01,Gatton,Gatton,QLD
2025-08-02,Corfield,Corfield,QLD
2025-08-02,Eagle Farm,Eagle Farm,QLD
2025-08-02,Flemington,Flemington,VIC
2025-08-02,Gold Coast,Gold Coast,QLD
2025-08-02,Hamilton,Hamilton,VIC
2025-08-02,Longreach,Longreach,QLD
2025-08-02,Murray Bridge GH,Murray Bridge GH,SA
2025-08-02,Roma,Roma,QLD
2025-08-02,Roxby Downs,Roxby Downs,SA
2025-08-02,Toowoomba,Toowoomba,QLD
2025-08-02,Townsville,Townsville,QLD
2025-08-02,Yeppoon,Yeppoon,QLD
2025-08-03,Gawler,Gawler,SA
2025-08-03,Sandown-Lakeside,Sandown,VIC
2025-08-03,Sunshine Coast,Sunshine Coast,QLD
2025-08-04,Ballarat Synthetic,Ballarat,VIC
2025-08-05,Rockhampton,Rockhampton,QLD
2025-08-05,Wodonga,Wodonga,VIC
2025-08-06,Doomben,Doomben,QLD
2025-08-06,Morphettville Parks,Morphettville,SA
2025-08-06,Sandown-Lakeside,Sandown,VIC
2025-08-06,Warwick,Warwick,QLD
2025-08-07,Ballarat Synthetic,Ballarat,VIC
2025-08-07,Mt Isa,Mt Isa,QLD
2025-08-08,Geelong,Geelong,VIC
2025-08-08,Ipswich,Ipswich,QLD
2025-08-08,Mt Gambier,Mt Gambier,SA
2025-08-09,Eagle Farm,Eagle Farm,QLD
2025-08-09,Gold Coast Poly,Gold Coast,QLD
2025-08-09,Mildura,Mildura,VIC
2025-08-09,Moonee Valley,Moonee Valley,VIC
2025-08-09,Morphettville,Morphettville,SA
2025-08-09,Muttaburra,Muttaburra,QLD
2025-08-09,Nanango,Nanango,QLD
2025-08-09,Toowoomba,Toowoomba,QLD
2025-08-09,Townsville,Townsville,QLD
2025-08-10,Coleraine,Coleraine,VIC
2025-08-10,Echuca,Echuca,VIC
2025-08-10,Sunshine Coast,Sunshine Coast,QLD
2025-08-11,Ballarat Synthetic,Ballarat,VIC
2025-08-12,Bairnsdale,Bairnsdale,VIC
2025-08-12,Mackay,Mackay,QLD
2025-08-13,Eagle Farm,Eagle Farm,QLD
2025-08-13,Murray Bridge GH,Murray Bridge GH,SA
2025-08-13,Sandown-Lakeside,Sandown,VIC
2025-08-14,Bendigo,Bendigo,VIC
2025-08-14,Ipswich,Ipswich,QLD
2025-08-15,Seymour,Seymour,VIC
2025-08-15,Sunshine Coast,Sunshine Coast,QLD
2025-08-16,Beaudesert,Beaudesert,QLD
2025-08-16,Bowen,Bowen,QLD
2025-08-16,Cairns,Cairns,QLD
2025-08-16,Caulfield,Caulfield,VIC
2025-08-16,Doomben,Doomben,QLD
2025-08-16,Gladstone,Gladstone,QLD
2025-08-16,Longreach,Longreach,QLD
2025-08-16,Morphettville Parks,Morphettville,SA
2025-08-16,Quorn,Quorn,SA
2025-08-16,Richmond,Richmond,QLD
2025-08-16,Roma,Roma,QLD
2025-08-16,Toowoomba,Toowoomba,QLD
2025-08-16,Warracknabeal,Warracknabeal,VIC
2025-08-17,Ballarat,Ballarat,VIC
2025-08-17,Sale,Sale,VIC
2025-08-17,Sunshine Coast,Sunshine Coast,QLD
2025-08-18,Pakenham Synthetic,Pakenham,VIC
2025-08-19,Ballarat Synthetic,Ballarat,VIC
2025-08-19,Dalby,Dalby,QLD
2025-08-20,Ipswich,Ipswich,QLD
2025-08-20,Sandown-Lakeside,Sandown,VIC
2025-08-20,Strathalbyn,Strathalbyn,SA
2025-08-21,Rockhampton,Rockhampton,QLD
2025-08-21,Warrnambool,Warrnambool,VIC
2025-08-22,Cairns,Cairns,QLD
2025-08-22,Geelong,Geelong,VIC
2025-08-23,Aramac,Aramac,QLD
2025-08-23,Cairns,Cairns,QLD
2025-08-23,Charleville,Charleville,QLD
2025-08-23,Dingo,Dingo,QLD
2025-08-23,Eagle Farm,Eagle Farm,QLD
2025-08-23,Gold Coast Poly,Gold Coast,QLD
2025-08-23,Gympie,Gympie,QLD
2025-08-23,Moonee Valley,Moonee Valley,VIC
2025-08-23,Morphettville Parks,Morphettville,SA
2025-08-23,Mt Isa,Mt Isa,QLD
2025-08-23,Toowoomba,Toowoomba,QLD
2025-08-23,Wangaratta,Wangaratta,VIC
2025-08-24,Kilcoy,Kilcoy,QLD
2025-08-24,Moe,Moe,VIC
2025-08-24,Port Augusta,Port Augusta,SA
2025-08-24,Swan Hill,Swan Hill,VIC
2025-08-25,Pakenham Synthetic,Pakenham,VIC
2025-08-26,Ballarat Synthetic,Ballarat,VIC
2025-08-26,Home Hill,Home Hill,QLD
2025-08-27,Doomben,Doomben,QLD
2025-08-27,Gawler,Gawler,SA
2025-08-27,Sandown-Hillside,Sandown,VIC
2025-08-28,Bendigo,Bendigo,VIC
2025-08-28,Rockhampton,Rockhampton,QLD
2025-08-29,Ipswich,Ipswich,QLD
2025-08-29,Pakenham Synthetic,Pakenham,VIC
2025-08-30,Betoota,Betoota,QLD
2025-08-30,Caulfield,Caulfield,VIC
2025-08-30,Eagle Farm,Eagle Farm,QLD
2025-08-30,Gold Coast,Gold Coast,QLD
2025-08-30,Innisfail,Innisfail,QLD
2025-08-30,Julia Creek,Julia Creek,QLD
2025-08-30,Morphettville,Morphettville,SA
2025-08-30,Springsure,Springsure,QLD
2025-08-30,Toowoomba,Toowoomba,QLD
2025-08-30,Warra,Warra,QLD
2025-08-30,Warracknabeal,Warracknabeal,VIC
2025-08-31,Casterton,Casterton,VIC
2025-08-31,Naracoorte,Naracoorte,SA
2025-08-31,Seymour,Seymour,VIC
2025-08-31,Warwick,Warwick,QLD
2025-09-01,Ballarat Synthetic,Ballarat,VIC
2025-09-02,Benalla,Benalla,VIC
2025-09-02,Townsville,Townsville,QLD
2025-09-03,Ipswich,Ipswich,QLD
2025-09-03,Morphettville,Morphettville,SA
2025-09-03,Sandown-Hillside,Sandown,VIC
2025-09-04,Mackay,Mackay,QLD
2025-09-04,Moe,Moe,VIC
2025-09-05,Birdsville,Birdsville,QLD
2025-09-05,Mornington,Mornington,VIC
2025-09-05,Sunshine Coast,Sunshine Coast,QLD
2025-09-06,Birdsville,Birdsville,QLD
2025-09-06,Bundaberg,Bundaberg,QLD
2025-09-06,Doomben,Doomben,QLD
2025-09-06,Emerald,Emerald,QLD
2025-09-06,Gold Coast,Gold Coast,QLD
2025-09-06,Goondiwindi,Goondiwindi,QLD
2025-09-06,Mareeba,Mareeba,QLD
2025-09-06,Mildura,Mildura,VIC
2025-09-06,Moonee Valley,Moonee Valley,VIC
2025-09-06,Morphettville Parks,Morphettville,SA
2025-09-06,Prairie,Prairie,QLD
2025-09-06,Toowoomba,Toowoomba,QLD
2025-09-07,Bairnsdale,Bairnsdale,VIC
2025-09-07,Bendigo,Bendigo,VIC
2025-09-07,Kilcoy,Kilcoy,QLD
2025-09-08,Tatura,Tatura,VIC
2025-09-09,Townsville,Townsville,QLD
2025-09-09,Warrnambool,Warrnambool,VIC
2025-09-10,Balaklava,Balaklava,SA
2025-09-10,Ipswich,Ipswich,QLD
2025-09-10,Sandown-Hillside,Sandown,VIC
2025-09-11,Seymour,Seymour,VIC
2025-09-11,Warwick,Warwick,QLD
2025-09-12,Bordertown,Bordertown,SA
2025-09-12,Geelong,Geelong,VIC
2025-09-12,Mackay,Mackay,QLD
2025-09-13,Bedourie,Bedourie,QLD
2025-09-13,Cloncurry,Cloncurry,QLD
2025-09-13,Donald,Donald,VIC
2025-09-13,Doomben,Doomben,QLD
2025-09-13,Einasleigh,Einasleigh,QLD
2025-09-13,Flemington,Flemington,VIC
2025-09-13,Gold Coast Poly,Gold Coast,QLD
2025-09-13,Morphettville,Morphettville,SA
2025-09-13,Nanango,Nanango,QLD
2025-09-13,Surat,Surat,QLD
2025-09-13,Thangool,Thangool,QLD
2025-09-13,Toowoomba,Toowoomba,QLD
2025-09-14,Kilmore,Kilmore,VIC
2025-09-14,Sale,Sale,VIC
2025-09-14,Sunshine Coast,Sunshine Coast,QLD
2025-09-15,Hamilton,Hamilton,VIC
2025-09-16,Bowen,Bowen,QLD
2025-09-16,Wodonga,Wodonga,VIC
2025-09-17,Bendigo,Bendigo,VIC
2025-09-17,Doomben,Doomben,QLD
2025-09-17,Murray Bridge GH,Murray Bridge GH,SA
2025-09-18,Beaudesert,Beaudesert,QLD
2025-09-18,Mornington,Mornington,VIC
2025-09-19,Ballarat,Ballarat,VIC
2025-09-19,Townsville,Townsville,QLD
2025-09-20,Caulfield,Caulfield,VIC
2025-09-20,Dalby,Dalby,QLD
2025-09-20,Eagle Farm,Eagle Farm,QLD
2025-09-20,Echuca,Echuca,VIC
2025-09-20,Gladstone,Gladstone,QLD
2025-09-20,Gold Coast,Gold Coast,QLD
2025-09-20,Gympie,Gympie,QLD
2025-09-20,Morphettville Parks,Morphettville,SA
2025-09-20,Winton,Winton,QLD
2025-09-21,Flemington,Flemington,VIC
2025-09-21,Morven,Morven,QLD
2025-09-21,Mt Gambier,Mt Gambier,SA
2025-09-21,Sunshine Coast,Sunshine Coast,QLD
2025-09-22,Warrnambool,Warrnambool,VIC
2025-09-23,Emerald,Emerald,QLD
2025-09-23,Moe,Moe,VIC
2025-09-24,Balaklava,Balaklava,SA
2025-09-24,Eagle Farm,Eagle Farm,QLD
2025-09-24,Sandown-Hillside,Sandown,VIC
2025-09-25,Gatton,Gatton,QLD
2025-09-25,Geelong,Geelong,VIC
2025-09-26,Benalla,Benalla,VIC
2025-09-26,Coleraine,Coleraine,VIC
2025-09-26,Ewan,Ewan,QLD
2025-09-26,Moonee Valley,Moonee Valley,VIC
2025-09-26,Sunshine Coast,Sunshine Coast,QLD
2025-09-26,Twin Hills,Twin Hills,QLD
2025-09-27,Atherton,Atherton,QLD
2025-09-27,Ewan,Ewan,QLD
2025-09-27,Gold Coast Poly,Gold Coast,QLD
2025-09-27,Longreach,Longreach,QLD
2025-09-27,Mackay,Mackay,QLD
2025-09-27,Morphettville Parks,Morphettville,SA
2025-09-27,Mt Isa,Mt Isa,QLD
2025-09-27,Sandown-Hillside,Sandown,VIC
2025-09-27,St George,St George,QLD
2025-09-27,Taroom,Taroom,QLD
2025-09-27,Toowoomba,Toowoomba,QLD
2025-09-27,Twin Hills,Twin Hills,QLD
2025-09-28,Mornington,Mornington,VIC
2025-09-28,Strathalbyn,Strathalbyn,SA
2025-09-28,Sunshine Coast,Sunshine Coast,QLD
2025-09-28,Swan Hill,Swan Hill,VIC
2025-09-29,Kilmore,Kilmore,VIC
2025-09-30,Cairns,Cairns,QLD
2025-09-30,Tatura,Tatura,VIC
2025-10-01,Balaklava,Balaklava,SA
2025-10-01,Eagle Farm,Eagle Farm,QLD
2025-10-01,Sandown-Hillside,Sandown,VIC
2025-10-02,Dalby,Dalby,QLD
2025-10-02,Geelong,Geelong,VIC
2025-10-03,Moonee Valley,Moonee Valley,VIC
2025-10-03,Rockhampton,Rockhampton,QLD
2025-10-03,Sunshine Coast,Sunshine Coast,QLD
2025-10-03,Warrnambool,Warrnambool,VIC
2025-10-04,Doomben,Doomben,QLD
2025-10-04,Eidsvold,Eidsvold,QLD
2025-10-04,Flemington,Flemington,VIC
2025-10-04,Gold Coast,Gold Coast,QLD
2025-10-04,Gordonvale,Gordonvale,QLD
2025-10-04,Gunbower,Gunbower,VIC
2025-10-04,Jamestown,Jamestown,SA
2025-10-04,Jundah,Jundah,QLD
2025-10-04,Morphettville,Morphettville,SA
2025-10-04,Murtoa,Murtoa,VIC
2025-10-04,Richmond,Richmond,QLD
2025-10-04,Tara,Tara,QLD
2025-10-05,Bendigo,Bendigo,VIC
2025-10-05,Charleville,Charleville,QLD
2025-10-05,Townsville,Townsville,QLD
2025-10-06,Ballarat,Ballarat,VIC
2025-10-06,Gawler,Gawler,SA
2025-10-06,Toowoomba,Toowoomba,QLD
2025-10-07,Kilcoy,Kilcoy,QLD
2025-10-07,Mildura,Mildura,VIC
2025-10-08,Doomben,Doomben,QLD
2025-10-08,Gold Coast Poly,Gold Coast,QLD
2025-10-08,Mt Gambier,Mt Gambier,SA
2025-10-08,Sale,Sale,VIC
2025-10-09,Kyneton,Kyneton,VIC
2025-10-09,Rockhampton,Rockhampton,QLD
2025-10-10,Cloncurry,Cloncurry,QLD
2025-10-10,Cranbourne,Cranbourne,VIC
2025-10-10,Morphettville Parks,Morphettville,SA
2025-10-10,Sunshine Coast,Sunshine Coast,QLD
2025-10-11,Bowen,Bowen,QLD
2025-10-11,Caulfield,Caulfield,VIC
2025-10-11,Cunnamulla,Cunnamulla,QLD
2025-10-11,Eagle Farm,Eagle Farm,QLD
2025-10-11,Emerald,Emerald,QLD
2025-10-11,Gayndah,Gayndah,QLD
2025-10-11,Gold Coast,Gold Coast,QLD
2025-10-11,Hamilton,Hamilton,VIC
2025-10-11,Manangatang,Manangatang,VIC
2025-10-11,Murray Bridge GH,Murray Bridge GH,SA
2025-10-11,Warwick,Warwick,QLD
2025-10-12,Bairnsdale,Bairnsdale,VIC
2025-10-12,Cairns,Cairns,QLD
2025-10-12,Seymour,Seymour,VIC
2025-10-13,Kilmore,Kilmore,VIC
2025-10-14,Ballarat,Ballarat,VIC
2025-10-15,Balaklava,Balaklava,SA
2025-10-15,Caulfield,Caulfield,VIC
2025-10-15,Doomben,Doomben,QLD
2025-10-15,Mackay,Mackay,QLD
2025-10-16,Gatton,Gatton,QLD
2025-10-16,Warrnambool,Warrnambool,VIC
2025-10-17,Ipswich,Ipswich,QLD
2025-10-17,Pakenham,Pakenham,VIC
2025-10-17,Penola,Penola,SA
2025-10-18,Avoca,Avoca,VIC
2025-10-18,Bendigo,Bendigo,VIC
2025-10-18,Blackall,Blackall,QLD
2025-10-18,Caulfield,Caulfield,VIC
2025-10-18,Eagle Farm,Eagle Farm,QLD
2025-10-18,Gold Coast,Gold Coast,QLD
2025-10-18,Innisfail,Innisfail,QLD
2025-10-18,Mitchell,Mitchell,QLD
2025-10-18,Morphettville,Morphettville,SA
2025-10-18,Rockhampton,Rockhampton,QLD
2025-10-18,Stanthorpe,Stanthorpe,QLD
2025-10-18,Toowoomba,Toowoomba,QLD
2025-10-18,Wodonga,Wodonga,VIC
2025-10-18,Wondai,Wondai,QLD
2025-10-18,Yea,Yea,VIC
2025-10-19,Ewan,Ewan,QLD
2025-10-19,Halidon,Halidon,SA
2025-10-19,Horsham,Horsham,VIC
2025-10-19,Moe,Moe,VIC
2025-10-19,Sunshine Coast,Sunshine Coast,QLD
2025-10-20,Echuca,Echuca,VIC
2025-10-20,Mt Isa,Mt Isa,QLD
2025-10-21,Kyneton,Kyneton,VIC
2025-10-21,Townsville,Townsville,QLD
2025-10-22,Eagle Farm,Eagle Farm,QLD
2025-10-22,Geelong,Geelong,VIC
2025-10-22,Strathalbyn,Strathalbyn,SA
2025-10-23,Geelong,Geelong,VIC
2025-10-23,Mornington,Mornington,VIC
2025-10-24,Ballarat,Ballarat,VIC
2025-10-24,Gawler,Gawler,SA
2025-10-24,Mackay,Mackay,QLD
2025-10-24,Moonee Valley,Moonee Valley,VIC
2025-10-24,Sunshine Coast,Sunshine Coast,QLD
2025-10-25,Alexandra,Alexandra,VIC
2025-10-25,Charleville,Charleville,QLD
2025-10-25,Clifton,Clifton,QLD
2025-10-25,Doomben,Doomben,QLD
2025-10-25,Gladstone,Gladstone,QLD
2025-10-25,Gold Coast Poly,Gold Coast,QLD
2025-10-25,Gympie,Gympie,QLD
2025-10-25,Isisford,Isisford,QLD
2025-10-25,Moonee Valley,Moonee Valley,VIC
2025-10-25,Morphettville,Morphettville,SA
2025-10-25,Richmond,Richmond,QLD
2025-10-25,St Arnaud,St Arnaud,VIC
2025-10-25,Toowoomba,Toowoomba,QLD
2025-10-25,Townsville,Townsville,QLD
2025-10-25,Yarra Glen,Yarra Glen,VIC
2025-10-26,Atherton,Atherton,QLD
2025-10-26,Clare,Clare,SA
2025-10-26,Sale,Sale,VIC
2025-10-26,Sunshine Coast,Sunshine Coast,QLD
2025-10-27,Ipswich,Ipswich,QLD
2025-10-27,Wangaratta,Wangaratta,VIC
2025-10-28,Gatton,Gatton,QLD
2025-10-28,Swan Hill,Swan Hill,VIC
2025-10-29,Bendigo,Bendigo,VIC
2025-10-29,Doomben,Doomben,QLD
2025-10-29,Murray Bridge GH,Murray Bridge GH,SA
2025-10-30,Rockhampton,Rockhampton,QLD
2025-10-30,Warrnambool,Warrnambool,VIC
2025-10-31,Cranbourne,Cranbourne,VIC
2025-10-31,Ipswich,Ipswich,QLD
2025-10-31,Kilmore,Kilmore,VIC
2025-11-01,Barcaldine,Barcaldine,QLD
2025-11-01,Cloncurry,Cloncurry,QLD
2025-11-01,Dalby,Dalby,QLD
2025-11-01,Eagle Farm,Eagle Farm,QLD
2025-11-01,Flemington,Flemington,VIC
2025-11-01,Gold Coast,Gold Coast,QLD
2025-11-01,Healesville,Healesville,VIC
2025-11-01,Home Hill,Home Hill,QLD
2025-11-01,Morphettville,Morphettville,SA
2025-11-01,Mortlake,Mortlake,VIC
2025-11-01,Toowoomba,Toowoomba,QLD
2025-11-01,Traralgon,Traralgon,VIC
2025-11-01,Wycheproof,Wycheproof,VIC
2025-11-02,Cairns,Cairns,QLD
2025-11-02,Mornington,Mornington,VIC
2025-11-02,Naracoorte,Naracoorte,SA
2025-11-03,Ballarat,Ballarat,VIC
2025-11-03,Rockhampton,Rockhampton,QLD
2025-11-04,Bairnsdale,Bairnsdale,VIC
2025-11-04,Bundaberg,Bundaberg,QLD
2025-11-04,Charleville,Charleville,QLD
2025-11-04,Eagle Farm,Eagle Farm,QLD
2025-11-04,Echuca,Echuca,VIC
2025-11-04,Flemington,Flemington,VIC
2025-11-04,Gold Coast Poly,Gold Coast,QLD
2025-11-04,Kumbia,Kumbia,QLD
2025-11-04,Mackay,Mackay,QLD
2025-11-04,Mansfield,Mansfield,VIC
2025-11-04,Mildura,Mildura,VIC
2025-11-04,Morphettville,Morphettville,SA
2025-11-04,Rockhampton,Rockhampton,QLD
2025-11-04,Sunshine Coast,Sunshine Coast,QLD
2025-11-04,Toowoomba,Toowoomba,QLD
2025-11-04,Townsville,Townsville,QLD
2025-11-04,Wangaratta,Wangaratta,VIC
2025-11-05,Kyneton,Kyneton,VIC
2025-11-05,Lock,Lock,SA
2025-11-06,Flemington,Flemington,VIC
2025-11-06,Gawler,Gawler,SA
2025-11-06,Ipswich,Ipswich,QLD
2025-11-07,Hamilton,Hamilton,VIC
2025-11-07,Kilcoy,Kilcoy,QLD
2025-11-07,Pakenham,Pakenham,VIC
2025-11-08,Chinchilla,Chinchilla,QLD
2025-11-08,Cooktown,Cooktown,QLD
2025-11-08,Eagle Farm,Eagle Farm,QLD
2025-11-08,Esk,Esk,QLD
2025-11-08,Flemington,Flemington,VIC
2025-11-08,Geelong,Geelong,VIC
2025-11-08,Gold Coast,Gold Coast,QLD
2025-11-08,Longreach,Longreach,QLD
2025-11-08,Moranbah,Moranbah,QLD
2025-11-08,Morphettville Parks,Morphettville,SA
2025-11-09,Ararat,Ararat,VIC
2025-11-09,Sunshine Coast,Sunshine Coast,QLD
2025-11-09,Wodonga,Wodonga,VIC
2025-11-10,Mornington,Mornington,VIC
2025-11-10,Mt Isa,Mt Isa,QLD
2025-11-11,Mackay,Mackay,QLD
2025-11-11,Warrnambool,Warrnambool,VIC
2025-11-12,Balaklava,Balaklava,SA
2025-11-12,Caulfield Heath,Caulfield,VIC
2025-11-12,Eagle Farm,Eagle Farm,QLD
2025-11-13,Ipswich,Ipswich,QLD
2025-11-13,Seymour,Seymour,VIC
2025-11-14,Bordertown,Bordertown,SA
2025-11-14,Geelong,Geelong,VIC
2025-11-14,Pakenham,Pakenham,VIC
2025-11-14,Rockhampton,Rockhampton,QLD
2025-11-14,Sunshine Coast,Sunshine Coast,QLD
2025-11-15,Caulfield,Caulfield,VIC
2025-11-15,Clermont,Clermont,QLD
2025-11-15,Doomben,Doomben,QLD
2025-11-15,Dunkeld,Dunkeld,VIC
2025-11-15,Gold Coast,Gold Coast,QLD
2025-11-15,Ingham,Ingham,QLD
2025-11-15,Julia Creek,Julia Creek,QLD
2025-11-15,Morphettville Parks,Morphettville,SA
2025-11-15,Mt Perry,Mt Perry,QLD
2025-11-15,Toowoomba,Toowoomba,QLD
2025-11-15,Yea,Yea,VIC
2025-11-16,Cairns,Cairns,QLD
2025-11-16,Donald,Donald,VIC
2025-11-16,Moe,Moe,VIC
2025-11-16,Strathalbyn,Strathalbyn,SA
2025-11-18,Kyneton,Kyneton,VIC
2025-11-18,Roma,Roma,QLD
2025-11-19,Caulfield Heath,Caulfield,VIC
2025-11-19,Doomben,Doomben,QLD
2025-11-19,Kilcoy,Kilcoy,QLD
2025-11-19,Murray Bridge GH,Murray Bridge GH,SA
2025-11-20,Ballarat,Ballarat,VIC
2025-11-20,Ipswich,Ipswich,QLD
2025-11-21,Mackay,Mackay,QLD
2025-11-21,Pakenham,Pakenham,VIC
2025-11-21,Port Lincoln,Port Lincoln,SA
2025-11-22,Atherton,Atherton,QLD
2025-11-22,Blackall,Blackall,QLD
2025-11-22,Cranbourne,Cranbourne,VIC
2025-11-22,Emerald,Emerald,QLD
2025-11-22,Gold Coast,Gold Coast,QLD
2025-11-22,Gympie,Gympie,QLD
2025-11-22,Healesville,Healesville,VIC
2025-11-22,Morphettville,Morphettville,SA
2025-11-22,Penshurst,Penshurst,VIC
2025-11-22,Pentland,Pentland,QLD
2025-11-22,Sunshine Coast,Sunshine Coast,QLD
2025-11-22,Tatura,Tatura,VIC
2025-11-22,Toowoomba,Toowoomba,QLD
2025-11-23,Beaudesert,Beaudesert,QLD
2025-11-23,Clare,Clare,SA
2025-11-23,Kilmore,Kilmore,VIC
2025-11-23,Swan Hill,Swan Hill,VIC
2025-11-25,Ararat,Ararat,VIC
2025-11-25,Cairns,Cairns,QLD
2025-11-26,Gawler,Gawler,SA
2025-11-26,Geelong,Geelong,VIC
2025-11-26,Ipswich,Ipswich,QLD
2025-11-27,Mornington,Mornington,VIC
2025-11-27,Rockhampton,Rockhampton,QLD
2025-11-28,Mt Gambier,Mt Gambier,SA
2025-11-28,Pakenham,Pakenham,VIC
2025-11-28,Rockhampton,Rockhampton,QLD
2025-11-28,Sunshine Coast,Sunshine Coast,QLD
2025-11-28,Wodonga,Wodonga,VIC
2025-11-29,Caulfield,Caulfield,VIC
2025-11-29,Ceduna,Ceduna,SA
2025-11-29,Doomben,Doomben,QLD
2025-11-29,Gold Coast Poly,Gold Coast,QLD
2025-11-29,Goondiwindi,Goondiwindi,QLD
2025-11-29,Morphettville Parks,Morphettville,SA
2025-11-29,Mt Isa,Mt Isa,QLD
2025-11-29,Thangool,Thangool,QLD
2025-11-29,Toowoomba,Toowoomba,QLD
2025-11-29,Woolamai,Woolamai,VIC
2025-11-30,Sunshine Coast,Sunshine Coast,QLD
2025-11-30,Traralgon,Traralgon,VIC
2025-11-30,Warrnambool,Warrnambool,VIC
2025-12-02,Donald,Donald,VIC
2025-12-03,Balaklava,Balaklava,SA
2025-12-03,Caulfield Heath,Caulfield,VIC
2025-12-03,Ipswich,Ipswich,QLD
2025-12-04,Cairns,Cairns,QLD
2025-12-04,Geelong,Geelong,VIC
2025-12-05,Cranbourne,Cranbourne,VIC
2025-12-05,Gatton,Gatton,QLD
2025-12-05,Mornington,Mornington,VIC
2025-12-05,Port Lincoln,Port Lincoln,SA
2025-12-05,Sunshine Coast,Sunshine Coast,QLD
2025-12-06,Ballarat,Ballarat,VIC
2025-12-06,Balnarring,Balnarring,VIC
2025-12-06,Bundaberg,Bundaberg,QLD
2025-12-06,Doomben,Doomben,QLD
2025-12-06,Gold Coast,Gold Coast,QLD
2025-12-06,Innisfail,Innisfail,QLD
2025-12-06,Mackay,Mackay,QLD
2025-12-06,Morphettville Parks,Morphettville,SA
2025-12-06,Roma,Roma,QLD
2025-12-06,Toowoomba,Toowoomba,QLD
2025-12-06,Wangaratta,Wangaratta,VIC
2025-12-07,Murray Bridge GH,Murray Bridge GH,SA
2025-12-07,Stony Creek,Stony Creek,VIC
2025-12-07,Sunshine Coast,Sunshine Coast,QLD
2025-12-07,Werribee,Werribee,VIC
2025-12-09,Rockhampton,Rockhampton,QLD
2025-12-10,Ipswich,Ipswich,QLD
2025-12-10,Sandown-Lakeside,Sandown,VIC
2025-12-10,Strathalbyn,Strathalbyn,SA
2025-12-11,Dalby,Dalby,QLD
2025-12-11,Kyneton,Kyneton,VIC
2025-12-12,Cranbourne,Cranbourne,VIC
2025-12-12,Doomben,Doomben,QLD
2025-12-12,Geelong,Geelong,VIC
2025-12-12,Morphettville,Morphettville,SA
2025-12-13,Atherton,Atherton,QLD
2025-12-13,Eagle Farm,Eagle Farm,QLD
2025-12-13,Gawler,Gawler,SA
2025-12-13,Gladstone,Gladstone,QLD
2025-12-13,Gold Coast,Gold Coast,QLD
2025-12-13,Healesville,Healesville,VIC
2025-12-13,Nanango,Nanango,QLD
2025-12-13,Pakenham,Pakenham,VIC
2025-12-13,Stawell,Stawell,VIC
2025-12-13,Texas,Texas,QLD
2025-12-13,Toowoomba,Toowoomba,QLD
2025-12-13,Townsville,Townsville,QLD
2025-12-14,Bordertown,Bordertown,SA
2025-12-14,Moe,Moe,VIC
2025-12-14,Sunshine Coast,Sunshine Coast,QLD
2025-12-14,Tatura,Tatura,VIC
2025-12-15,Werribee,Werribee,VIC
2025-12-16,Terang,Terang,VIC
2025-12-17,Ipswich,Ipswich,QLD
2025-12-17,Mornington,Mornington,VIC
2025-12-17,Port Lincoln,Port Lincoln,SA
2025-12-18,Rockhampton,Rockhampton,QLD
2025-12-18,Seymour,Seymour,VIC
2025-12-19,Cranbourne,Cranbourne,VIC
2025-12-19,Gold Coast,Gold Coast,QLD
2025-12-19,Kilcoy,Kilcoy,QLD
2025-12-19,Oakbank,Oakbank,SA
2025-12-19,Yarra Glen,Yarra Glen,VIC
2025-12-20,Cairns,Cairns,QLD
2025-12-20,Caulfield Heath,Caulfield,VIC
2025-12-20,Chinchilla,Chinchilla,QLD
2025-12-20,Colac,Colac,VIC
2025-12-20,Eagle Farm,Eagle Farm,QLD
2025-12-20,Murray Bridge GH,Murray Bridge GH,SA
2025-12-20,Sunshine Coast,Sunshine Coast,QLD
2025-12-20,Toowoomba,Toowoomba,QLD
2025-12-21,Gatton,Gatton,QLD
2025-12-21,Horsham,Horsham,VIC
2025-12-21,Mt Gambier,Mt Gambier,SA
2025-12-21,Sale,Sale,VIC
2025-12-22,Wangaratta,Wangaratta,VIC
2025-12-23,Mornington,Mornington,VIC
2025-12-24,Ipswich,Ipswich,QLD
2025-12-24,Strathalbyn,Strathalbyn,SA
2025-12-26,Drouin,Drouin,VIC
2025-12-26,Mareeba,Mareeba,QLD
2025-12-26,Morphettville Parks,Morphettville,SA
2025-12-26,Nhill,Nhill,VIC
2025-12-26,Sandown-Lakeside,Sandown,VIC
2025-12-26,Sunshine Coast,Sunshine Coast,QLD
2025-12-26,Warwick,Warwick,QLD
2025-12-27,Alexandra,Alexandra,VIC
2025-12-27,Cranbourne,Cranbourne,VIC
2025-12-27,Eagle Farm,Eagle Farm,QLD
2025-12-27,Gold Coast,Gold Coast,QLD
2025-12-27,Kerang,Kerang,VIC
2025-12-27,Morphettville,Morphettville,SA
2025-12-27,Toowoomba,Toowoomba,QLD
2025-12-28,Naracoorte,Naracoorte,SA
2025-12-28,Seymour,Seymour,VIC
2025-12-28,Townsville,Townsville,QLD
2025-12-29,Yarra Glen,Yarra Glen,VIC
2025-12-30,Mackay,Mackay,QLD
2025-12-30,Stony Creek,Stony Creek,VIC
2025-12-31,Beaudesert,Beaudesert,QLD
2025-12-31,Echuca,Echuca,VIC
2025-12-31,Flemington,Flemington,VIC
2025-12-31,Port Lincoln,Port Lincoln,SA
2025-12-31,Warrnambool,Warrnambool,VIC
2026-01-01,Burrumbeet,Burrumbeet,VIC
2026-01-01,Hanging Rock,Hanging Rock,VIC
2026-01-01,Merton,Merton,VIC
2026-01-01,Mornington,Mornington,VIC
2026-01-01,Murray Bridge GH,Murray Bridge GH,SA
2026-01-01,Sunshine Coast,Sunshine Coast,QLD
2026-01-02,Kilcoy,Kilcoy,QLD
2026-01-02,Terang,Terang,VIC
2026-01-03,Bell,Bell,QLD
2026-01-03,Cranbourne,Cranbourne,VIC
2026-01-03,Eagle Farm,Eagle Farm,QLD
2026-01-03,Gawler,Gawler,SA
2026-01-03,Geelong,Geelong,VIC
2026-01-03,Ipswich,Ipswich,QLD
2026-01-03,Toowoomba,Toowoomba,QLD
2026-01-03,Woolamai,Woolamai,VIC
2026-01-04,Stawell,Stawell,VIC
2026-01-04,Strathalbyn,Strathalbyn,SA
2026-01-04,Wodonga,Wodonga,VIC
2026-01-06,Colac,Colac,VIC
2026-01-06,Townsville,Townsville,QLD
2026-01-07,Eagle Farm,Eagle Farm,QLD
2026-01-08,Rockhampton,Rockhampton,QLD
2026-01-08,Sale,Sale,VIC
2026-01-08,Sandown-Lakeside,Sandown,VIC
2026-01-09,Gatton,Gatton,QLD
2026-01-09,Oakbank,Oakbank,SA
2026-01-09,Pakenham,Pakenham,VIC
2026-01-09,Sunshine Coast,Sunshine Coast,QLD
2026-01-10,Cranbourne,Cranbourne,VIC
2026-01-10,Flemington,Flemington,VIC
2026-01-10,Gold Coast,Gold Coast,QLD
2026-01-10,Ipswich,Ipswich,QLD
2026-01-10,Murray Bridge GH,Murray Bridge GH,SA
2026-01-11,Port Lincoln,Port Lincoln,SA
2026-01-11,Sunshine Coast,Sunshine Coast,QLD
2026-01-11,Warrnambool,Warrnambool,VIC
2026-01-12,Werribee,Werribee,VIC
2026-01-13,Yarra Glen,Yarra Glen,VIC
2026-01-14,Doomben,Doomben,QLD
2026-01-14,Geelong,Geelong,VIC
2026-01-14,Strathalbyn,Strathalbyn,SA
2026-01-15,Ipswich,Ipswich,QLD
2026-01-15,Seymour,Seymour,VIC
2026-01-16,Pakenham,Pakenham,VIC
2026-01-16,Penola,Penola,SA
2026-01-16,Sunshine Coast,Sunshine Coast,QLD
2026-01-16,Townsville,Townsville,QLD
2026-01-17,Atherton,Atherton,QLD
2026-01-17,Camperdown,Camperdown,VIC
2026-01-17,Cranbourne,Cranbourne,VIC
2026-01-17,Doomben,Doomben,QLD
2026-01-17,Flemington,Flemington,VIC
2026-01-17,Gold Coast,Gold Coast,QLD
2026-01-17,Healesville,Healesville,VIC
2026-01-17,Kingscote,Kingscote,SA
2026-01-17,Murray Bridge GH,Murray Bridge GH,SA
2026-01-18,Stony Creek,Stony Creek,VIC
2026-01-18,Wangaratta,Wangaratta,VIC
2026-01-20,Geelong,Geelong,VIC
2026-01-21,Ipswich,Ipswich,QLD
2026-01-21,Oakbank,Oakbank,SA
2026-01-21,Sandown-Hillside,Sandown,VIC
2026-01-22,Cranbourne,Cranbourne,VIC
2026-01-22,Warwick,Warwick,QLD
2026-01-23,Emerald,Emerald,QLD
2026-01-23,Gold Coast,Gold Coast,QLD
2026-01-23,Pakenham,Pakenham,VIC
2026-01-23,Port Lincoln,Port Lincoln,SA
2026-01-24,Caulfield,Caulfield,VIC
2026-01-24,Great Western,Great Western,VIC
2026-01-24,Sunshine Coast,Sunshine Coast,QLD
2026-01-24,Thangool,Thangool,QLD
2026-01-24,Townsville,Townsville,QLD
2026-01-24,Yea,Yea,VIC
2026-01-25,Gatton,Gatton,QLD
2026-01-25,Moe,Moe,VIC
2026-01-25,Mt Gambier,Mt Gambier,SA
2026-01-26,Balnarring,Balnarring,VIC
2026-01-26,Geelong,Geelong,VIC
2026-01-26,Hanging Rock,Hanging Rock,VIC
2026-01-26,Kilcoy,Kilcoy,QLD
2026-01-28,Eagle Farm,Eagle Farm,QLD
2026-01-28,Gawler,Gawler,SA
2026-01-28,Sandown-Hillside,Sandown,VIC
2026-01-29,Doomben,Doomben,QLD
2026-01-29,Pakenham,Pakenham,VIC
2026-01-29,Rockhampton,Rockhampton,QLD
2026-01-30,Cranbourne,Cranbourne,VIC
2026-01-30,Dalby,Dalby,QLD
2026-01-31,Bundaberg,Bundaberg,QLD
2026-01-31,Caulfield,Caulfield,VIC
2026-01-31,Ceduna,Ceduna,SA
2026-01-31,Eagle Farm,Eagle Farm,QLD
2026-01-31,Healesville,Healesville,VIC
2026-01-31,Ipswich,Ipswich,QLD
2026-01-31,Kyneton,Kyneton,VIC
2026-01-31,Morphettville,Morphettville,SA
2026-01-31,Morphettville Parks,Morphettville,SA
2026-02-01,Sale,Sale,VIC
2026-02-01,Strathalbyn,Strathalbyn,SA
2026-02-01,Sunshine Coast,Sunshine Coast,QLD
2026-02-01,Werribee,Werribee,VIC
2026-02-03,Seymour,Seymour,VIC
2026-02-03,Townsville,Townsville,QLD
2026-02-04,Eagle Farm,Eagle Farm,QLD
2026-02-04,Murray Bridge GH,Murray Bridge GH,SA
2026-02-04,Sandown-Hillside,Sandown,VIC
2026-02-05,Pakenham,Pakenham,VIC
2026-02-05,Rockhampton,Rockhampton,QLD
2026-02-06,Beaudesert,Beaudesert,QLD
2026-02-06,Colac,Colac,VIC
2026-02-06,Cranbourne,Cranbourne,VIC
2026-02-07,Caulfield,Caulfield,VIC
2026-02-07,Doomben,Doomben,QLD
2026-02-07,Emerald,Emerald,QLD
2026-02-07,Gold Coast Poly,Gold Coast,QLD
2026-02-07,Miles,Miles,QLD
2026-02-07,Morphettville,Morphettville,SA
2026-02-07,Toowoomba,Toowoomba,QLD
2026-02-07,Woolamai,Woolamai,VIC
2026-02-07,Yarra Glen,Yarra Glen,VIC
2026-02-08,Ararat,Ararat,VIC
2026-02-08,Naracoorte,Naracoorte,SA
2026-02-08,Sunshine Coast,Sunshine Coast,QLD
2026-02-08,Wangaratta,Wangaratta,VIC
2026-02-09,Caulfield Heath,Caulfield,VIC
2026-02-10,Gatton,Gatton,QLD
2026-02-10,Kyneton,Kyneton,VIC
2026-02-11,Doomben,Doomben,QLD
2026-02-11,Gawler,Gawler,SA
2026-02-11,Sale,Sale,VIC
2026-02-12,Ipswich,Ipswich,QLD
2026-02-12,Pakenham,Pakenham,VIC
2026-02-13,Clare,Clare,SA
2026-02-13,Cranbourne,Cranbourne,VIC
2026-02-13,Kilmore,Kilmore,VIC
2026-02-13,Mackay,Mackay,QLD
2026-02-13,Sunshine Coast,Sunshine Coast,QLD
2026-02-14,Ballarat,Ballarat,VIC
2026-02-14,Buchan,Buchan,VIC
2026-02-14,Dalby,Dalby,QLD
2026-02-14,Eagle Farm,Eagle Farm,QLD
2026-02-14,Flemington,Flemington,VIC
2026-02-14,Gold Coast Poly,Gold Coast,QLD
2026-02-14,Home Hill,Home Hill,QLD
2026-02-14,Morphettville Parks,Morphettville,SA
2026-02-14,Nanango,Nanango,QLD
2026-02-14,Toowoomba,Toowoomba,QLD
2026-02-15,Lock,Lock,SA
2026-02-15,Stony Creek,Stony Creek,VIC
2026-02-16,Cairns,Cairns,QLD
2026-02-17,Rockhampton,Rockhampton,QLD
2026-02-17,Werribee,Werribee,VIC
2026-02-18,Caulfield Heath,Caulfield,VIC
2026-02-18,Eagle Farm,Eagle Farm,QLD
2026-02-18,Kilcoy,Kilcoy,QLD
2026-02-18,Strathalbyn,Strathalbyn,SA
2026-02-19,Kingscote,Kingscote,SA
2026-02-19,Pakenham,Pakenham,VIC
2026-02-20,Cranbourne,Cranbourne,VIC
2026-02-20,Ipswich,Ipswich,QLD
2026-02-20,Seymour,Seymour,VIC
2026-02-20,Terang,Terang,VIC
2026-02-21,Caulfield,Caulfield,VIC
2026-02-21,Dederang,Dederang,VIC
2026-02-21,Doomben,Doomben,QLD
2026-02-21,Gold Coast,Gold Coast,QLD
2026-02-21,Goondiwindi,Goondiwindi,QLD
2026-02-21,Kingscote,Kingscote,SA
2026-02-21,Morphettville,Morphettville,SA
2026-02-21,Toowoomba,Toowoomba,QLD
2026-02-21,Yarra Glen,Yarra Glen,VIC
2026-02-22,Balaklava,Balaklava,SA
2026-02-22,Ballarat,Ballarat,VIC
2026-02-22,Moe,Moe,VIC
2026-02-22,Roma,Roma,QLD
2026-02-22,Sunshine Coast,Sunshine Coast,QLD
2026-02-23,Warwick,Warwick,QLD
2026-02-24,Horsham,Horsham,VIC
2026-02-24,Rockhampton,Rockhampton,QLD
2026-02-25,Doomben,Doomben,QLD
2026-02-25,Port Lincoln,Port Lincoln,SA
2026-02-25,Sandown-Hillside,Sandown,VIC
2026-02-26,Ipswich,Ipswich,QLD
2026-02-26,Pakenham,Pakenham,VIC
2026-02-27,Cranbourne,Cranbourne,VIC
2026-02-27,Kyneton,Kyneton,VIC
2026-02-27,Port Lincoln,Port Lincoln,SA
2026-02-27,Townsville,Townsville,QLD
2026-02-28,Blackall,Blackall,QLD
2026-02-28,Eagle Farm,Eagle Farm,QLD
2026-02-28,Flemington,Flemington,VIC
2026-02-28,Gold Coast,Gold Coast,QLD
2026-02-28,Gympie,Gympie,QLD
2026-02-28,Morphettville Parks,Morphettville,SA
2026-02-28,Taroom,Taroom,QLD
2026-02-28,Toowoomba,Toowoomba,QLD
2026-02-28,Wangaratta,Wangaratta,VIC
2026-02-28,Woolamai,Woolamai,VIC
2026-03-01,Colac,Colac,VIC
2026-03-01,Gatton,Gatton,QLD
2026-03-01,Sale,Sale,VIC
2026-03-02,Thangool,Thangool,QLD
2026-03-03,Ararat,Ararat,VIC
2026-03-03,Dalby,Dalby,QLD
2026-03-04,Balaklava,Balaklava,SA
2026-03-04,Caulfield Heath,Caulfield,VIC
2026-03-04,Doomben,Doomben,QLD
2026-03-05,Pakenham,Pakenham,VIC
2026-03-05,Townsville,Townsville,QLD
2026-03-06,Ipswich,Ipswich,QLD
2026-03-06,Kilmore,Kilmore,VIC
2026-03-06,Pakenham,Pakenham,VIC
2026-03-06,Sunshine Coast,Sunshine Coast,QLD
2026-03-07,Barcaldine,Barcaldine,QLD
2026-03-07,Eagle Farm,Eagle Farm,QLD
2026-03-07,Edenhope,Edenhope,VIC
2026-03-07,Esk,Esk,QLD
2026-03-07,Flemington,Flemington,VIC
2026-03-07,Gold Coast,Gold Coast,QLD
2026-03-07,Hinnomunjie,Hinnomunjie,VIC
2026-03-07,Mt Isa,Mt Isa,QLD
2026-03-07,Murray Bridge GH,Murray Bridge GH,SA
2026-03-07,Penong,Penong,SA
2026-03-07,Toowoomba,Toowoomba,QLD
2026-03-07,Towong,Towong,VIC
2026-03-07,Wandoan,Wandoan,QLD
2026-03-08,Balnarring,Balnarring,VIC
2026-03-08,Echuca,Echuca,VIC
2026-03-08,Stony Creek,Stony Creek,VIC
2026-03-08,Sunshine Coast Poly,Sunshine Coast,QLD
2026-03-09,Morphettville,Morphettville,SA
2026-03-09,Warrnambool,Warrnambool,VIC
2026-03-10,Ballarat,Ballarat,VIC
2026-03-10,Warwick,Warwick,QLD
2026-03-11,Balaklava,Balaklava,SA
2026-03-11,Doomben,Doomben,QLD
2026-03-11,Sandown-Hillside,Sandown,VIC
2026-03-12,Beaudesert,Beaudesert,QLD
2026-03-12,Cairns,Cairns,QLD
2026-03-12,Pakenham,Pakenham,VIC
2026-03-13,Cranbourne,Cranbourne,VIC
2026-03-13,Kyneton,Kyneton,VIC
2026-03-13,Mt Gambier,Mt Gambier,SA
2026-03-13,Sunshine Coast,Sunshine Coast,QLD
2026-03-14,Alexandra,Alexandra,VIC
2026-03-14,Caulfield,Caulfield,VIC
2026-03-14,Charleville,Charleville,QLD
2026-03-14,Geelong,Geelong,VIC
2026-03-14,Gold Coast,Gold Coast,QLD
2026-03-14,Ipswich,Ipswich,QLD
2026-03-14,Morphettville Parks,Morphettville,SA
2026-03-14,Mt Isa,Mt Isa,QLD
2026-03-14,Rockhampton,Rockhampton,QLD
2026-03-14,Toowoomba,Toowoomba,QLD
2026-03-15,Port Lincoln,Port Lincoln,SA
2026-03-15,Swan Hill,Swan Hill,VIC
2026-03-15,Townsville,Townsville,QLD
2026-03-15,Yarra Glen,Yarra Glen,VIC
2026-03-17,Kilcoy,Kilcoy,QLD
2026-03-17,Terang,Terang,VIC
2026-03-18,Caulfield Heath,Caulfield,VIC
2026-03-18,Doomben,Doomben,QLD
2026-03-18,Oakbank,Oakbank,SA
2026-03-19,Mackay,Mackay,QLD
2026-03-19,Pakenham,Pakenham,VIC
2026-03-20,Ballarat,Ballarat,VIC
2026-03-20,Cranbourne,Cranbourne,VIC
2026-03-20,Ipswich,Ipswich,QLD
2026-03-21,Caulfield,Caulfield,VIC
2026-03-21,Dalby,Dalby,QLD
2026-03-21,Eagle Farm,Eagle Farm,QLD
2026-03-21,Echuca,Echuca,VIC
2026-03-21,Gold Coast,Gold Coast,QLD
2026-03-21,Longreach,Longreach,QLD
2026-03-21,Morphettville Parks,Morphettville,SA
2026-03-21,Mt Isa,Mt Isa,QLD
2026-03-21,Springsure,Springsure,QLD
2026-03-21,Streaky Bay,Streaky Bay,SA
2026-03-21,Woolamai,Woolamai,VIC
2026-03-22,Bairnsdale,Bairnsdale,VIC
2026-03-22,Geelong,Geelong,VIC
2026-03-22,Mt Gambier,Mt Gambier,SA
2026-03-24,Rockhampton,Rockhampton,QLD
2026-03-24,Yarra Glen,Yarra Glen,VIC
2026-03-25,Eagle Farm,Eagle Farm,QLD
2026-03-25,Sandown-Lakeside,Sandown,VIC
2026-03-25,Strathalbyn,Strathalbyn,SA
2026-03-26,Cairns,Cairns,QLD
2026-03-26,Ipswich,Ipswich,QLD
2026-03-26,Pakenham,Pakenham,VIC
2026-03-26,Warrnambool,Warrnambool,VIC
2026-03-27,Bendigo,Bendigo,VIC
2026-03-27,Cranbourne,Cranbourne,VIC
2026-03-27,Toowoomba,Toowoomba,QLD
2026-03-28,Atherton,Atherton,QLD
2026-03-28,Cloncurry,Cloncurry,QLD
2026-03-28,Doomben,Doomben,QLD
2026-03-28,Flemington,Flemington,VIC
2026-03-28,Gold Coast Poly,Gold Coast,QLD
2026-03-28,Healesville,Healesville,VIC
2026-03-28,Kyneton,Kyneton,VIC
2026-03-28,Moranbah,Moranbah,QLD
2026-03-28,Morphettville,Morphettville,SA
2026-03-28,Roma,Roma,QLD
2026-03-29,Avoca,Avoca,VIC
2026-03-29,Port Lincoln,Port Lincoln,SA
2026-03-29,Sale,Sale,VIC
2026-03-29,Sunshine Coast,Sunshine Coast,QLD
2026-03-30,Ararat,Ararat,VIC
2026-03-31,Kilmore,Kilmore,VIC
2026-03-31,Townsville,Townsville,QLD
2026-04-01,Balaklava,Balaklava,SA
2026-04-01,Doomben,Doomben,QLD
2026-04-01,Geelong,Geelong,VIC
2026-04-02,Mackay,Mackay,QLD
2026-04-02,Pakenham,Pakenham,VIC
2026-04-03,Ballarat,Ballarat,VIC
2026-04-03,Cranbourne,Cranbourne,VIC
2026-04-03,Mt Isa,Mt Isa,QLD
2026-04-04,Balnarring,Balnarring,VIC
2026-04-04,Barcaldine,Barcaldine,QLD
2026-04-04,Cairns,Cairns,QLD
2026-04-04,Caulfield,Caulfield,VIC
2026-04-04,Clare,Clare,SA
2026-04-04,Eagle Farm,Eagle Farm,QLD
2026-04-04,Emerald,Emerald,QLD
2026-04-04,Flinton,Flinton,QLD
2026-04-04,Gladstone,Gladstone,QLD
2026-04-04,Gold Coast,Gold Coast,QLD
2026-04-04,Kerang,Kerang,VIC
2026-04-04,Nanango,Nanango,QLD
2026-04-04,Oakbank,Oakbank,SA
2026-04-04,Roma,Roma,QLD
2026-04-04,Warracknabeal,Warracknabeal,VIC
2026-04-05,Mornington,Mornington,VIC
2026-04-05,Penola,Penola,SA
2026-04-05,Stawell,Stawell,VIC
2026-04-05,Sunshine Coast,Sunshine Coast,QLD
2026-04-05,Swifts Creek,Swifts Creek,VIC
2026-04-06,Augathella,Augathella,QLD
2026-04-06,Ipswich,Ipswich,QLD
2026-04-06,Oakbank,Oakbank,SA
2026-04-06,Sandown-Lakeside,Sandown,VIC
2026-04-07,Hamilton,Hamilton,VIC
2026-04-08,Eagle Farm,Eagle Farm,QLD
2026-04-08,Sale,Sale,VIC
2026-04-09,Cairns,Cairns,QLD
2026-04-09,Pakenham,Pakenham,VIC
2026-04-10,Cranbourne,Cranbourne,VIC
2026-04-10,Gatton,Gatton,QLD
2026-04-10,Geelong,Geelong,VIC
2026-04-10,Gold Coast,Gold Coast,QLD
2026-04-10,Murray Bridge GH,Murray Bridge GH,SA
2026-04-11,Balnarring,Balnarring,VIC
2026-04-11,Bowen,Bowen,QLD
2026-04-11,Caulfield,Caulfield,VIC
2026-04-11,Doomben,Doomben,QLD
2026-04-11,Innisfail,Innisfail,QLD
2026-04-11,Kilcoy,Kilcoy,QLD
2026-04-11,Maxwelton,Maxwelton,QLD
2026-04-11,Morphettville,Morphettville,SA
2026-04-11,Noorama,Noorama,QLD
2026-04-11,Toowoomba,Toowoomba,QLD
2026-04-11,Werribee,Werribee,VIC
2026-04-12,Port Augusta,Port Augusta,SA
2026-04-12,Rockhampton,Rockhampton,QLD
2026-04-12,Sunshine Coast,Sunshine Coast,QLD
2026-04-12,Swan Hill,Swan Hill,VIC
2026-04-12,Terang,Terang,VIC
2026-04-13,Longreach,Longreach,QLD
2026-04-13,Seymour,Seymour,VIC
2026-04-14,Donald,Donald,VIC
2026-04-14,Townsville,Townsville,QLD
2026-04-15,Balaklava,Balaklava,SA
2026-04-15,Doomben,Doomben,QLD
2026-04-15,Sandown-Lakeside,Sandown,VIC
2026-04-16,Echuca,Echuca,VIC
2026-04-16,Ipswich,Ipswich,QLD
2026-04-16,Pakenham,Pakenham,VIC
2026-04-17,Cranbourne,Cranbourne,VIC
2026-04-17,Mackay,Mackay,QLD
2026-04-17,Stawell,Stawell,VIC
2026-04-18,Blackall,Blackall,QLD
2026-04-18,Eagle Farm,Eagle Farm,QLD
2026-04-18,Gold Coast,Gold Coast,QLD
2026-04-18,Goondiwindi,Goondiwindi,QLD
2026-04-18,Gympie,Gympie,QLD
2026-04-18,Home Hill,Home Hill,QLD
2026-04-18,Kilmore,Kilmore,VIC
2026-04-18,Mornington,Mornington,VIC
2026-04-18,Morphettville Parks,Morphettville,SA
2026-04-18,Mt Isa,Mt Isa,QLD
2026-04-18,Thangool,Thangool,QLD
2026-04-18,Yea,Yea,VIC
2026-04-19,Mareeba,Mareeba,QLD
2026-04-19,Naracoorte,Naracoorte,SA
2026-04-19,Sale,Sale,VIC
2026-04-19,Sunshine Coast,Sunshine Coast,QLD
2026-04-19,Terang,Terang,VIC
2026-04-20,Wodonga,Wodonga,VIC
2026-04-21,Swan Hill,Swan Hill,VIC
2026-04-21,Townsville,Townsville,QLD
2026-04-22,Doomben,Doomben,QLD
2026-04-22,Geelong,Geelong,VIC
2026-04-22,Murray Bridge GH,Murray Bridge GH,SA
2026-04-23,Ipswich,Ipswich,QLD
2026-04-23,Kyneton,Kyneton,VIC
2026-04-23,Pakenham,Pakenham,VIC
2026-04-24,Cranbourne,Cranbourne,VIC
2026-04-24,Gawler,Gawler,SA
2026-04-24,Rockhampton,Rockhampton,QLD
2026-04-24,Werribee,Werribee,VIC
2026-04-25,Beaudesert,Beaudesert,QLD
2026-04-25,Cunnamulla,Cunnamulla,QLD
2026-04-25,Dalby,Dalby,QLD
2026-04-25,Eagle Farm,Eagle Farm,QLD
2026-04-25,Flemington,Flemington,VIC
2026-04-25,Longreach,Longreach,QLD
2026-04-25,Moe,Moe,VIC
2026-04-25,Morphettville,Morphettville,SA
2026-04-25,Mt Isa,Mt Isa,QLD
2026-04-25,Sunshine Coast,Sunshine Coast,QLD
2026-04-25,Toowoomba,Toowoomba,QLD
2026-04-25,Wondai,Wondai,QLD
2026-04-26,Gatton,Gatton,QLD
2026-04-26,Port Augusta,Port Augusta,SA
2026-04-26,Seymour,Seymour,VIC
2026-04-27,Horsham,Horsham,VIC
2026-04-27,Thangool,Thangool,QLD
2026-04-28,Mornington,Mornington,VIC
2026-04-28,Warwick,Warwick,QLD
2026-04-29,Caulfield Heath,Caulfield,VIC
2026-04-29,Ipswich,Ipswich,QLD
2026-04-29,Strathalbyn,Strathalbyn,SA
2026-04-30,Ballarat,Ballarat,VIC
2026-04-30,Townsville,Townsville,QLD
2026-05-01,Bordertown,Bordertown,SA
2026-05-01,Geelong,Geelong,VIC
2026-05-01,Mackay,Mackay,QLD
2026-05-01,Mt Garnet,Mt Garnet,QLD
2026-05-01,Pakenham,Pakenham,VIC
2026-05-01,Sunshine Coast Poly,Sunshine Coast,QLD
2026-05-02,Barcaldine,Barcaldine,QLD
2026-05-02,Bendigo,Bendigo,VIC
2026-05-02,Donald,Donald,VIC
2026-05-02,Eagle Farm,Eagle Farm,QLD
2026-05-02,Gold Coast Poly,Gold Coast,QLD
2026-05-02,Gregory Downs,Gregory Downs,QLD
2026-05-02,Jandowae,Jandowae,QLD
2026-05-02,Morphettville,Morphettville,SA
2026-05-02,Mt Garnet,Mt Garnet,QLD
2026-05-02,Toowoomba,Toowoomba,QLD
2026-05-02,Yeppoon,Yeppoon,QLD
2026-05-03,Sale,Sale,VIC
2026-05-03,Wangaratta,Wangaratta,VIC
2026-05-04,Ipswich,Ipswich,QLD
2026-05-04,Kilmore,Kilmore,VIC
2026-05-05,Rockhampton,Rockhampton,QLD
2026-05-05,Warrnambool,Warrnambool,VIC
2026-05-06,Eagle Farm,Eagle Farm,QLD
2026-05-06,Murray Bridge GH,Murray Bridge GH,SA
2026-05-06,Warrnambool,Warrnambool,VIC
2026-05-07,Warrnambool,Warrnambool,VIC
2026-05-07,Warwick,Warwick,QLD
2026-05-08,Pakenham,Pakenham,VIC
2026-05-08,Port Augusta,Port Augusta,SA
2026-05-08,Townsville,Townsville,QLD
2026-05-09,Ararat,Ararat,VIC
2026-05-09,Burrandowan,Burrandowan,QLD
2026-05-09,Caulfield,Caulfield,VIC
2026-05-09,Cloncurry,Cloncurry,QLD
2026-05-09,Gladstone,Gladstone,QLD
2026-05-09,Gold Coast,Gold Coast,QLD
2026-05-09,Gordonvale,Gordonvale,QLD
2026-05-09,Ipswich,Ipswich,QLD
2026-05-09,Morphettville,Morphettville,SA
2026-05-09,Quilpie,Quilpie,QLD
2026-05-09,Toowoomba,Toowoomba,QLD
2026-05-10,Ballarat,Ballarat,VIC
2026-05-10,Bowen,Bowen,QLD
2026-05-10,Longreach,Longreach,QLD
2026-05-10,Mornington,Mornington,VIC
2026-05-10,Sunshine Coast,Sunshine Coast,QLD
2026-05-11,Echuca,Echuca,VIC
2026-05-12,Moe,Moe,VIC
2026-05-13,Bendigo,Bendigo,VIC
2026-05-13,Gawler,Gawler,SA
2026-05-13,Ipswich,Ipswich,QLD
2026-05-14,Mackay,Mackay,QLD
2026-05-14,Werribee,Werribee,VIC
2026-05-15,Cairns,Cairns,QLD
2026-05-15,Kilmore,Kilmore,VIC
2026-05-15,Pakenham,Pakenham,VIC
2026-05-16,Charleville,Charleville,QLD
2026-05-16,Chinchilla,Chinchilla,QLD
2026-05-16,Doomben,Doomben,QLD
2026-05-16,Emerald,Emerald,QLD
2026-05-16,Flemington,Flemington,VIC
2026-05-16,Gold Coast Poly,Gold Coast,QLD
2026-05-16,Home Hill,Home Hill,QLD
2026-05-16,Hughenden,Hughenden,QLD
2026-05-16,Morphettville Parks,Morphettville,SA
2026-05-16,Toowoomba,Toowoomba,QLD
2026-05-16,Wodonga,Wodonga,VIC
2026-05-17,Casterton,Casterton,VIC
2026-05-17,Sale,Sale,VIC
2026-05-17,Strathalbyn,Strathalbyn,SA
2026-05-17,Sunshine Coast Poly,Sunshine Coast,QLD
2026-05-18,Stawell,Stawell,VIC
2026-05-19,Barcaldine,Barcaldine,QLD
2026-05-19,Horsham,Horsham,VIC
2026-05-20,Balaklava,Balaklava,SA
2026-05-20,Caulfield Heath,Caulfield,VIC
2026-05-21,Ipswich,Ipswich,QLD
2026-05-21,Rockhampton,Rockhampton,QLD
2026-05-21,Seymour,Seymour,VIC
2026-05-22,Geelong,Geelong,VIC
2026-05-22,Gold Coast,Gold Coast,QLD
2026-05-22,Kilcoy,Kilcoy,QLD
2026-05-22,Mt Gambier,Mt Gambier,SA
2026-05-22,Pakenham,Pakenham,VIC
2026-05-23,Beaudesert,Beaudesert,QLD
2026-05-23,Doomben,Doomben,QLD
2026-05-23,Echuca,Echuca,VIC
2026-05-23,Gladstone,Gladstone,QLD
2026-05-23,Mackay,Mackay,QLD
2026-05-23,Mareeba,Mareeba,QLD
2026-05-23,Mt Isa,Mt Isa,QLD
2026-05-23,Murray Bridge GH,Murray Bridge GH,SA
2026-05-23,Nanango,Nanango,QLD
2026-05-23,Sandown-Hillside,Sandown,VIC
2026-05-23,Toowoomba,Toowoomba,QLD
2026-05-24,Ballarat,Ballarat,VIC
2026-05-24,Cunnamulla,Cunnamulla,QLD
2026-05-24,Mildura,Mildura,VIC
2026-05-24,Sunshine Coast,Sunshine Coast,QLD
2026-05-25,Mornington,Mornington,VIC
2026-05-25,Townsville,Townsville,QLD
2026-05-26,Hamilton,Hamilton,VIC
2026-05-27,Caulfield Heath,Caulfield,VIC
2026-05-27,Doomben,Doomben,QLD
2026-05-27,Gawler,Gawler,SA
2026-05-28,Moe,Moe,VIC
2026-05-29,Bendigo,Bendigo,VIC
2026-05-29,Cairns,Cairns,QLD
2026-05-29,Pakenham,Pakenham,VIC
2026-05-29,Sunshine Coast Poly,Sunshine Coast,QLD
2026-05-30,Bowen,Bowen,QLD
2026-05-30,Caulfield,Caulfield,VIC
2026-05-30,Eagle Farm,Eagle Farm,QLD
2026-05-30,Hawker,Hawker,SA
2026-05-30,Ipswich,Ipswich,QLD
2026-05-30,Julia Creek,Julia Creek,QLD
2026-05-30,Morphettville,Morphettville,SA
2026-05-30,Tambo,Tambo,QLD
2026-05-30,Toowoomba,Toowoomba,QLD
2026-05-30,Werribee,Werribee,VIC
2026-05-30,Wondai,Wondai,QLD
2026-05-31,Sandown-Lakeside,Sandown,VIC
2026-05-31,Townsville,Townsville,QLD
2026-06-01,Kilmore,Kilmore,VIC
2026-06-01,Thangool,Thangool,QLD
2026-06-03,Doomben,Doomben,QLD
2026-06-03,Gatton,Gatton,QLD
2026-06-03,Sandown-Lakeside,Sandown,VIC
2026-06-04,Geelong,Geelong,VIC
2026-06-04,Ipswich,Ipswich,QLD
2026-06-05,Rockhampton,Rockhampton,QLD
2026-06-05,Swan Hill,Swan Hill,VIC
2026-06-06,Cunnamulla,Cunnamulla,QLD
2026-06-06,Eagle Farm,Eagle Farm,QLD
2026-06-06,Flemington,Flemington,VIC
2026-06-06,Gold Coast,Gold Coast,QLD
2026-06-06,Gympie,Gympie,QLD
2026-06-06,Longreach,Longreach,QLD
2026-06-06,Moranbah,Moranbah,QLD
2026-06-06,Morphettville Parks,Morphettville,SA
2026-06-06,Mt Isa,Mt Isa,QLD
2026-06-06,Swan Hill,Swan Hill,VIC
2026-06-06,Toowoomba,Toowoomba,QLD
2026-06-06,Townsville,Townsville,QLD
2026-06-07,Casterton,Casterton,VIC
2026-06-07,Port Augusta,Port Augusta,SA
2026-06-07,Sunshine Coast,Sunshine Coast,QLD
2026-06-07,Swan Hill,Swan Hill,VIC
2026-06-08,Mornington,Mornington,VIC
2026-06-08,Strathalbyn,Strathalbyn,SA
2026-06-09,Donald,Donald,VIC
2026-06-10,Mt Gambier,Mt Gambier,SA
2026-06-10,Sale,Sale,VIC
2026-06-11,Mackay,Mackay,QLD
2026-06-11,Seymour,Seymour,VIC
2026-06-12,Bairnsdale,Bairnsdale,VIC
2026-06-12,Ballarat,Ballarat,VIC
2026-06-12,Beaudesert,Beaudesert,QLD
2026-06-13,Atherton,Atherton,QLD
2026-06-13,Bendigo,Bendigo,VIC
2026-06-13,Eagle Farm,Eagle Farm,QLD
2026-06-13,Gayndah,Gayndah,QLD
2026-06-13,Gladstone,Gladstone,QLD
2026-06-13,Gold Coast,Gold Coast,QLD
2026-06-13,Injune,Injune,QLD
2026-06-13,Murray Bridge GH,Murray Bridge GH,SA
2026-06-13,Richmond,Richmond,QLD
2026-06-13,Sandown-Hillside,Sandown,VIC
2026-06-13,Toowoomba,Toowoomba,QLD
2026-06-13,Warwick,Warwick,QLD
2026-06-14,Balaklava,Balaklava,SA
2026-06-14,Sunshine Coast,Sunshine Coast,QLD
2026-06-14,Wangaratta,Wangaratta,VIC
2026-06-14,Warrnambool,Warrnambool,VIC
2026-06-15,Longreach,Longreach,QLD
2026-06-15,Pakenham Synthetic,Pakenham,VIC
2026-06-16,Ballarat Synthetic,Ballarat,VIC
2026-06-16,Townsville,Townsville,QLD
2026-06-17,Caulfield Heath,Caulfield,VIC
2026-06-17,Doomben,Doomben,QLD
2026-06-18,Dalby,Dalby,QLD
2026-06-18,Moe,Moe,VIC
2026-06-19,Geelong,Geelong,VIC
2026-06-19,Rockhampton,Rockhampton,QLD
2026-06-20,Bundaberg,Bundaberg,QLD
2026-06-20,Clermont,Clermont,QLD
2026-06-20,Donald,Donald,VIC
2026-06-20,Flemington,Flemington,VIC
2026-06-20,Gold Coast,Gold Coast,QLD
2026-06-20,Innisfail,Innisfail,QLD
2026-06-20,Ipswich,Ipswich,QLD
2026-06-20,Julia Creek,Julia Creek,QLD
2026-06-20,Kilcoy,Kilcoy,QLD
2026-06-20,Morphettville,Morphettville,SA
2026-06-20,Roma,Roma,QLD
2026-06-20,Toowoomba,Toowoomba,QLD
2026-06-21,Ballarat Synthetic,Ballarat,VIC
2026-06-21,Bowen,Bowen,QLD
2026-06-21,Cranbourne,Cranbourne,VIC
2026-06-21,Port Augusta,Port Augusta,SA
2026-06-21,Sunshine Coast,Sunshine Coast,QLD
2026-06-22,Pakenham Synthetic,Pakenham,VIC
2026-06-22,Townsville,Townsville,QLD
2026-06-23,Echuca,Echuca,VIC
2026-06-23,Mackay,Mackay,QLD
2026-06-24,Ballarat Synthetic,Ballarat,VIC
2026-06-24,Doomben,Doomben,QLD
2026-06-25,Bendigo,Bendigo,VIC
2026-06-25,Ipswich,Ipswich,QLD
2026-06-26,Balaklava,Balaklava,SA
2026-06-26,Ballarat Synthetic,Ballarat,VIC
2026-06-26,Beaudesert,Beaudesert,QLD
2026-06-27,Alpha,Alpha,QLD
2026-06-27,Caulfield,Caulfield,VIC
2026-06-27,Eagle Farm,Eagle Farm,QLD
2026-06-27,Gatton,Gatton,QLD
2026-06-27,Gladstone,Gladstone,QLD
2026-06-27,Gold Coast,Gold Coast,QLD
2026-06-27,Home Hill,Home Hill,QLD
2026-06-27,Laura,Laura,QLD
2026-06-27,Morphettville Parks,Morphettville,SA
2026-06-27,Mt Isa,Mt Isa,QLD
2026-06-27,Wodonga,Wodonga,VIC
2026-06-28,Bordertown,Bordertown,SA
2026-06-28,Sale,Sale,VIC
2026-06-28,Townsville,Townsville,QLD
2026-06-28,Warrnambool,Warrnambool,VIC
2026-06-29,Emerald,Emerald,QLD
2026-06-29,Pakenham Synthetic,Pakenham,VIC
2026-06-30,Ballarat Synthetic,Ballarat,VIC
2026-06-30,Kilcoy,Kilcoy,QLD
2026-07-01,Eagle Farm,Eagle Farm,QLD
2026-07-01,Murray Bridge GH,Murray Bridge GH,SA
2026-07-01,Sandown-Lakeside,Sandown,VIC
2026-07-02,Ballarat Synthetic,Ballarat,VIC
2026-07-02,Mackay,Mackay,QLD
2026-07-03,Ballarat Synthetic,Ballarat,VIC
2026-07-03,Ipswich,Ipswich,QLD
2026-07-03,Moe,Moe,VIC
2026-07-03,Oak Park,Oak Park,QLD
2026-07-03,Toowoomba,Toowoomba,QLD
2026-07-04,Bluff,Bluff,QLD
2026-07-04,Charleville,Charleville,QLD
2026-07-04,Flemington,Flemington,VIC
2026-07-04,Gold Coast,Gold Coast,QLD
2026-07-04,Murray Bridge GH,Murray Bridge GH,SA
2026-07-04,Oak Park,Oak Park,QLD
2026-07-04,Stamford,Stamford,QLD
2026-07-04,Sunshine Coast,Sunshine Coast,QLD
2026-07-05,Bendigo,Bendigo,VIC
2026-07-05,Casterton,Casterton,VIC
2026-07-05,Goondiwindi,Goondiwindi,QLD
2026-07-05,Port Augusta,Port Augusta,SA
2026-07-05,Townsville,Townsville,QLD
2026-07-06,Barcaldine,Barcaldine,QLD
2026-07-06,Pakenham Synthetic,Pakenham,VIC
2026-07-06,Wangaratta,Wangaratta,VIC
2026-07-07,Ballarat Synthetic,Ballarat,VIC
2026-07-07,Beaudesert,Beaudesert,QLD
2026-07-07,Murray Bridge GH,Murray Bridge GH,SA
2026-07-08,Ipswich,Ipswich,QLD
2026-07-08,Morphettville,Morphettville,SA
2026-07-08,Sandown-Lakeside,Sandown,VIC
2026-07-09,Rockhampton,Rockhampton,QLD
2026-07-09,Sale,Sale,VIC
2026-07-10,Gatton,Gatton,QLD
2026-07-10,Geelong,Geelong,VIC
2026-07-11,Caulfield,Caulfield,VIC
2026-07-11,Donald,Donald,VIC
2026-07-11,Doomben,Doomben,QLD
2026-07-11,Esk,Esk,QLD
2026-07-11,Gold Coast,Gold Coast,QLD
2026-07-11,Ilfracombe,Ilfracombe,QLD
2026-07-11,Ingham,Ingham,QLD
2026-07-11,Morphettville Parks,Morphettville,SA
2026-07-11,Rockhampton,Rockhampton,QLD
2026-07-11,Roma,Roma,QLD
2026-07-12,Ballarat Synthetic,Ballarat,VIC
2026-07-12,Hamilton,Hamilton,VIC
2026-07-12,Mt Gambier,Mt Gambier,SA
2026-07-12,Sunshine Coast,Sunshine Coast,QLD
2026-07-13,Bairnsdale,Bairnsdale,VIC
2026-07-13,Mt Isa,Mt Isa,QLD
2026-07-14,Ballarat Synthetic,Ballarat,VIC
2026-07-14,Townsville,Townsville,QLD
2026-07-15,Balaklava,Balaklava,SA
2026-07-15,Eagle Farm,Eagle Farm,QLD
2026-07-15,Sandown-Hillside,Sandown,VIC
2026-07-16,Cranbourne,Cranbourne,VIC
2026-07-16,Ipswich,Ipswich,QLD
2026-07-17,Mackay,Mackay,QLD
2026-07-17,Mildura,Mildura,VIC
2026-07-17,Murray Bridge GH,Murray Bridge GH,SA
2026-07-18,Doomben,Doomben,QLD
2026-07-18,Flemington,Flemington,VIC
2026-07-18,Gold Coast,Gold Coast,QLD
2026-07-18,Goondiwindi,Goondiwindi,QLD
2026-07-18,Gympie,Gympie,QLD
2026-07-18,Hughenden,Hughenden,QLD
2026-07-18,Mildura,Mildura,VIC
2026-07-18,Morphettville Parks,Morphettville,SA
2026-07-18,Thangool,Thangool,QLD
2026-07-18,Toowoomba,Toowoomba,QLD
2026-07-19,Coleraine,Coleraine,VIC
2026-07-19,Port Augusta,Port Augusta,SA
2026-07-19,Seymour,Seymour,VIC
2026-07-19,Sunshine Coast,Sunshine Coast,QLD
2026-07-20,Blackall,Blackall,QLD
2026-07-20,Pakenham Synthetic,Pakenham,VIC
2026-07-21,Moe,Moe,VIC
2026-07-21,Rockhampton,Rockhampton,QLD
2026-07-22,Doomben,Doomben,QLD
2026-07-22,Murray Bridge GH,Murray Bridge GH,SA
2026-07-22,Sandown-Hillside,Sandown,VIC
2026-07-23,Cairns,Cairns,QLD
2026-07-23,Warrnambool,Warrnambool,VIC
2026-07-24,Echuca,Echuca,VIC
2026-07-24,Ipswich,Ipswich,QLD
2026-07-24,Naracoorte,Naracoorte,SA
2026-07-25,Atherton,Atherton,QLD
2026-07-25,Bundaberg,Bundaberg,QLD
2026-07-25,Caulfield,Caulfield,VIC
2026-07-25,Eagle Farm,Eagle Farm,QLD
2026-07-25,Gold Coast,Gold Coast,QLD
2026-07-25,Julia Creek,Julia Creek,QLD
2026-07-25,Longreach,Longreach,QLD
2026-07-25,Mackay,Mackay,QLD
2026-07-25,Middlemount,Middlemount,QLD
2026-07-25,Morphettville,Morphettville,SA
2026-07-25,Murtoa,Murtoa,VIC
2026-07-25,Toowoomba,Toowoomba,QLD
2026-07-26,Balaklava,Balaklava,SA
2026-07-26,Sale,Sale,VIC
2026-07-26,Sunshine Coast,Sunshine Coast,QLD
2026-07-26,Wodonga,Wodonga,VIC
2026-07-27,Ballarat Synthetic,Ballarat,VIC
2026-07-28,Swan Hill,Swan Hill,VIC
2026-07-29,Eagle Farm,Eagle Farm,QLD
2026-07-29,Sandown-Hillside,Sandown,VIC
2026-07-29,Strathalbyn,Strathalbyn,SA
2026-07-30,Bendigo,Bendigo,VIC
2026-07-30,Gatton,Gatton,QLD
2026-07-31,Geelong,Geelong,VIC
2026-07-31,Rockhampton,Rockhampton,QLD
2026-07-31,Wangaratta,Wangaratta,VIC
2026-08-01,Corfield,Corfield,QLD
2026-08-01,Doomben,Doomben,QLD
2026-08-01,Flemington,Flemington,VIC
2026-08-01,Gold Coast,Gold Coast,QLD
2026-08-01,Hamilton,Hamilton,VIC
2026-08-01,Morphettville Parks,Morphettville,SA
2026-08-01,Roma,Roma,QLD
2026-08-01,Roxby Downs,Roxby Downs,SA
2026-08-01,Tambo,Tambo,QLD
2026-08-01,Toowoomba,Toowoomba,QLD
2026-08-01,Townsville,Townsville,QLD
2026-08-01,Yeppoon,Yeppoon,QLD
2026-08-02,Sandown-Lakeside,Sandown,VIC
2026-08-02,Sunshine Coast,Sunshine Coast,QLD
2026-08-03,Pakenham Synthetic,Pakenham,VIC
2026-08-04,Bairnsdale,Bairnsdale,VIC
2026-08-04,Warwick,Warwick,QLD
2026-08-05,Doomben,Doomben,QLD
2026-08-05,Murray Bridge GH,Murray Bridge GH,SA
2026-08-06,Ballarat Synthetic,Ballarat,VIC
2026-08-06,Mt Isa,Mt Isa,QLD
2026-08-07,Ipswich,Ipswich,QLD
2026-08-07,Mt Gambier,Mt Gambier,SA
2026-08-07,Seymour,Seymour,VIC
2026-08-08,Caulfield Heath,Caulfield,VIC
2026-08-08,Cunnamulla,Cunnamulla,QLD
2026-08-08,Eagle Farm,Eagle Farm,QLD
2026-08-08,Gladstone,Gladstone,QLD
2026-08-08,Mildura,Mildura,VIC
2026-08-08,Morphettville,Morphettville,SA
2026-08-08,Muttaburra,Muttaburra,QLD
2026-08-08,Nanango,Nanango,QLD
2026-08-08,Toowoomba,Toowoomba,QLD
2026-08-08,Townsville,Townsville,QLD
2026-08-09,Ballarat Synthetic,Ballarat,VIC
2026-08-09,Casterton,Casterton,VIC
2026-08-09,Sunshine Coast,Sunshine Coast,QLD
2026-08-10,Kilcoy,Kilcoy,QLD
2026-08-10,Pakenham Synthetic,Pakenham,VIC
2026-08-11,Ballarat Synthetic,Ballarat,VIC
2026-08-11,Dalby,Dalby,QLD
2026-08-12,Bendigo,Bendigo,VIC
2026-08-12,Eagle Farm,Eagle Farm,QLD
2026-08-12,Murray Bridge GH,Murray Bridge GH,SA
2026-08-13,Moe,Moe,VIC
2026-08-13,Rockhampton,Rockhampton,QLD
2026-08-14,Geelong,Geelong,VIC
2026-08-14,Ipswich,Ipswich,QLD
2026-08-15,Bowen,Bowen,QLD
2026-08-15,Caulfield,Caulfield,VIC
2026-08-15,Doomben,Doomben,QLD
2026-08-15,Gold Coast Poly,Gold Coast,QLD
2026-08-15,Innisfail,Innisfail,QLD
2026-08-15,Longreach,Longreach,QLD
2026-08-15,Morphettville Parks,Morphettville,SA
2026-08-15,Quorn,Quorn,SA
2026-08-15,Richmond,Richmond,QLD
2026-08-15,Roma,Roma,QLD
2026-08-15,Toowoomba,Toowoomba,QLD
2026-08-15,Warracknabeal,Warracknabeal,VIC
2026-08-16,Ballarat,Ballarat,VIC
2026-08-16,Pakenham Synthetic,Pakenham,VIC
2026-08-16,Sunshine Coast,Sunshine Coast,QLD
2026-08-17,Emerald,Emerald,QLD
2026-08-17,Wodonga,Wodonga,VIC
2026-08-18,Ballarat Synthetic,Ballarat,VIC
2026-08-18,Townsville,Townsville,QLD
2026-08-19,Ipswich,Ipswich,QLD
2026-08-19,Sandown-Lakeside,Sandown,VIC
2026-08-19,Strathalbyn,Strathalbyn,SA
2026-08-20,Mackay,Mackay,QLD
2026-08-20,Warrnambool,Warrnambool,VIC
2026-08-21,Beaudesert,Beaudesert,QLD
2026-08-21,Murtoa,Murtoa,VIC
2026-08-21,Sale,Sale,VIC
2026-08-22,Aramac,Aramac,QLD
2026-08-22,Cairns,Cairns,QLD
2026-08-22,Charleville,Charleville,QLD
2026-08-22,Dingo,Dingo,QLD
2026-08-22,Doomben,Doomben,QLD
2026-08-22,Gympie,Gympie,QLD
2026-08-22,Morphettville Parks,Morphettville,SA
2026-08-22,Mt Isa,Mt Isa,QLD
2026-08-22,Sandown-Hillside,Sandown,VIC
2026-08-22,Toowoomba,Toowoomba,QLD
2026-08-23,Kilcoy,Kilcoy,QLD
2026-08-23,Port Augusta,Port Augusta,SA
2026-08-23,Wangaratta,Wangaratta,VIC
2026-08-24,Pakenham Synthetic,Pakenham,VIC
2026-08-25,Ballarat Synthetic,Ballarat,VIC
2026-08-25,Rockhampton,Rockhampton,QLD
2026-08-26,Bendigo,Bendigo,VIC
2026-08-26,Doomben,Doomben,QLD
2026-08-27,Ipswich,Ipswich,QLD
2026-08-27,Seymour,Seymour,VIC
2026-08-28,Cairns,Cairns,QLD
2026-08-28,Geelong,Geelong,VIC
2026-08-28,Gold Coast,Gold Coast,QLD
2026-08-28,Naracoorte,Naracoorte,SA
2026-08-29,Betoota,Betoota,QLD
2026-08-29,Cairns,Cairns,QLD
2026-08-29,Caulfield,Caulfield,VIC
2026-08-29,Eagle Farm,Eagle Farm,QLD
2026-08-29,McKinlay,McKinlay,QLD
2026-08-29,Morphettville,Morphettville,SA
2026-08-29,Springsure,Springsure,QLD
2026-08-29,Toowoomba,Toowoomba,QLD
2026-08-29,Warra,Warra,QLD
2026-08-29,Warracknabeal,Warracknabeal,VIC
2026-08-30,Casterton,Casterton,VIC
2026-08-30,Echuca,Echuca,VIC
2026-08-30,Strathalbyn,Strathalbyn,SA
2026-08-30,Townsville,Townsville,QLD
2026-08-31,Ballarat Synthetic,Ballarat,VIC
2026-09-01,Wodonga,Wodonga,VIC
2026-09-02,Ipswich,Ipswich,QLD
2026-09-02,Murray Bridge GH,Murray Bridge GH,SA
2026-09-02,Sandown-Hillside,Sandown,VIC
2026-09-03,Mackay,Mackay,QLD
2026-09-03,Warrnambool,Warrnambool,VIC
2026-09-04,Birdsville,Birdsville,QLD
2026-09-04,Mornington,Mornington,VIC
2026-09-05,Birdsville,Birdsville,QLD
2026-09-05,Bundaberg,Bundaberg,QLD
2026-09-05,Eagle Farm,Eagle Farm,QLD
2026-09-05,Emerald,Emerald,QLD
2026-09-05,Gold Coast,Gold Coast,QLD
2026-09-05,Goondiwindi,Goondiwindi,QLD
2026-09-05,Mareeba,Mareeba,QLD
2026-09-05,Mildura,Mildura,VIC
2026-09-05,Morphettville Parks,Morphettville,SA
2026-09-05,Prairie,Prairie,QLD
2026-09-05,Sandown-Hillside,Sandown,VIC
2026-09-05,Toowoomba,Toowoomba,QLD
2026-09-06,Bendigo,Bendigo,VIC
2026-09-06,Sunshine Coast,Sunshine Coast,QLD
2026-09-07,Tatura,Tatura,VIC
2026-09-08,Moe,Moe,VIC
2026-09-08,Townsville,Townsville,QLD
2026-09-09,Ipswich,Ipswich,QLD
2026-09-09,Murray Bridge GH,Murray Bridge GH,SA
2026-09-09,Sandown-Hillside,Sandown,VIC
2026-09-10,Seymour,Seymour,VIC
2026-09-10,Warwick,Warwick,QLD
2026-09-11,Bordertown,Bordertown,SA
2026-09-11,Geelong,Geelong,VIC
2026-09-11,Sunshine Coast,Sunshine Coast,QLD
2026-09-12,Donald,Donald,VIC
2026-09-12,Doomben,Doomben,QLD
2026-09-12,Gold Coast,Gold Coast,QLD
2026-09-12,Nanango,Nanango,QLD
2026-09-12,Toowoomba,Toowoomba,QLD
2026-09-13,Dalby,Dalby,QLD
2026-09-13,Kilmore,Kilmore,VIC
2026-09-13,Sale,Sale,VIC
